Alta Floresta D'Oeste
Ariquemes
Cabixi
Cacoal
Cerejeiras
Colorado do Oeste
Corumbiara
Costa Marques
Espigão D'Oeste
Guajará-Mirim
Jaru
Ji-Paraná
Machadinho D'Oeste
Nova Brasilândia D'Oeste
Ouro Preto do Oeste
Pimenta Bueno
Porto Velho
Presidente Médici (Rondônia)
Rio Crespo
Rolim de Moura
Santa Luzia D'Oeste
Vilhena
São Miguel do Guaporé
Nova Mamoré
Alvorada D'Oeste
Alto Alegre dos Parecis
Alto Paraíso (Rondônia)
Buritis (Rondônia)
Novo Horizonte do Oeste
Cacaulândia
Campo Novo de Rondônia
Candeias do Jamari
Castanheiras
Chupinguaia
Cujubim
Governador Jorge Teixeira
Itapuã do Oeste
Ministro Andreazza
Mirante da Serra
Monte Negro
Nova União (Rondônia)
Parecis
Pimenteiras do Oeste
Primavera de Rondônia
São Felipe D'Oeste
São Francisco do Guaporé
Seringueiras
Teixeirópolis
Theobroma
Urupá
Vale do Anari
Vale do Paraíso
Acrelândia
Assis Brasil
Brasiléia
Bujari
Capixaba
Cruzeiro do Sul (Acre)
Epitaciolândia
Feijó
Jordão
Mâncio Lima
Manoel Urbano
Marechal Thaumaturgo
Plácido de Castro
Porto Walter
Rio Branco (Acre)
Rodrigues Alves
Santa Rosa do Purus
Senador Guiomard
Sena Madureira
Tarauacá
Xapuri
Porto Acre
Alvarães
Amaturá
Anamã
Anori
Apuí
Atalaia do Norte
Autazes
Barcelos
Barreirinha
Benjamin Constant
Beruri
Boa Vista do Ramos
Boca do Acre
Borba
Caapiranga
Canutama
Carauari
Careiro
Careiro da Várzea
Coari
Codajás
Eirunepé
Envira
Fonte Boa
Guajará
Humaitá (Amazonas)
Ipixuna
Iranduba
Itacoatiara
Itamarati
Itapiranga (Amazonas)
Japurá (Amazonas)
Juruá
Jutaí
Lábrea
Manacapuru
Manaquiri
Manaus
Manicoré
Maraã
Maués
Nhamundá
Nova Olinda do Norte
Novo Airão
Novo Aripuanã
Parintins
Pauini
Presidente Figueiredo
Rio Preto da Eva
Santa Isabel do Rio Negro
Santo Antônio do Içá
São Gabriel da Cachoeira
São Paulo de Olivença
São Sebastião do Uatumã
Silves
Tabatinga (Amazonas)
Tapauá
Tefé
Tonantins
Uarini
Urucará
Urucurituba
Amajari
Alto Alegre (Roraima)
Boa Vista (Roraima)
Bonfim (Roraima)
Cantá
Caracaraí
Caroebe
Iracema (Roraima)
Mucajaí
Normandia
Pacaraima
Rorainópolis
São João da Baliza
São Luiz
Uiramutã
Abaetetuba
Abel Figueiredo
Acará
Afuá
Água Azul do Norte
Alenquer
Almeirim
Altamira
Anajás
Ananindeua
Anapu
Augusto Corrêa
Aurora do Pará
Aveiro
Bagre
Baião
Bannach
Barcarena
Belém (Pará)
Belterra
Benevides
Bom Jesus do Tocantins (Pará)
Bonito (Pará)
Bragança
Brasil Novo
Brejo Grande do Araguaia
Breu Branco
Breves
Bujaru
Cachoeira do Piriá
Cachoeira do Arari
Cametá
Canaã dos Carajás
Capanema (Pará)
Capitão Poço
Castanhal
Chaves
Colares
Conceição do Araguaia
Concórdia do Pará
Cumaru do Norte
Curionópolis
Curralinho
Curuá
Curuçá
Dom Eliseu
Eldorado do Carajás
Faro
Floresta do Araguaia
Garrafão do Norte
Goianésia do Pará
Gurupá
Igarapé-Açu
Igarapé-Miri
Inhangapi
Ipixuna do Pará
Irituia
Itaituba
Itupiranga
Jacareacanga
Jacundá
Juruti
Limoeiro do Ajuru
Mãe do Rio
Magalhães Barata
Marabá
Maracanã
Marapanim
Marituba
Medicilândia
Melgaço
Mocajuba
Moju
Mojuí dos Campos
Monte Alegre (Pará)
Muaná
Nova Esperança do Piriá
Nova Ipixuna
Nova Timboteua
Novo Progresso
Novo Repartimento
Óbidos
Oeiras do Pará
Oriximiná
Ourém
Ourilândia do Norte
Pacajá
Palestina do Pará
Paragominas
Parauapebas
Pau D'Arco (Pará)
Peixe-Boi
Piçarra
Placas
Ponta de Pedras
Portel
Porto de Moz
Prainha
Primavera (Pará)
Quatipuru
Redenção (Pará)
Rio Maria
Rondon do Pará
Rurópolis
Salinópolis
Salvaterra
Santa Bárbara do Pará
Santa Cruz do Arari
Santa Izabel do Pará
Santa Luzia do Pará
Santa Maria das Barreiras
Santa Maria do Pará
Santana do Araguaia
Santarém
Santarém Novo
Santo Antônio do Tauá
São Caetano de Odivelas
São Domingos do Araguaia
São Domingos do Capim
São Félix do Xingu
São Francisco do Pará
São Geraldo do Araguaia
São João da Ponta
São João de Pirabas
São João do Araguaia
São Miguel do Guamá
São Sebastião da Boa Vista
Sapucaia (Pará)
Senador José Porfírio
Soure
Tailândia
Terra Alta
Terra Santa
Tomé-Açu
Tracuateua
Trairão
Tucumã
Tucuruí
Ulianópolis
Uruará
Vigia
Viseu
Vitória do Xingu
Xinguara
Serra do Navio
Amapá
Pedra Branca do Amapari
Calçoene
Cutias
Ferreira Gomes
Itaubal
Laranjal do Jari
Macapá
Mazagão
Oiapoque
Porto Grande
Pracuúba
Santana (Amapá)
Tartarugalzinho
Vitória do Jari
Abreulândia
Aguiarnópolis
Aliança do Tocantins
Almas
Alvorada (Tocantins)
Ananás
Angico
Aparecida do Rio Negro
Aragominas
Araguacema
Araguaçu
Araguaína
Araguanã (Tocantins)
Araguatins
Arapoema
Arraias
Augustinópolis
Aurora do Tocantins
Axixá do Tocantins
Babaçulândia
Bandeirantes do Tocantins
Barra do Ouro
Barrolândia
Bernardo Sayão
Bom Jesus do Tocantins (Tocantins)
Brasilândia do Tocantins
Brejinho de Nazaré
Buriti do Tocantins
Cachoeirinha (Tocantins)
Campos Lindos
Cariri do Tocantins
Carmolândia
Carrasco Bonito
Caseara
Centenário (Tocantins)
Chapada de Areia
Chapada da Natividade
Colinas do Tocantins
Combinado
Conceição do Tocantins
Couto Magalhães
Cristalândia
Crixás do Tocantins
Darcinópolis
Dianópolis
Divinópolis do Tocantins
Dois Irmãos do Tocantins
Dueré
Esperantina (Tocantins)
Fátima (Tocantins)
Figueirópolis
Filadélfia (Tocantins)
Formoso do Araguaia
Tabocão
Goianorte
Goiatins
Guaraí
Gurupi
Ipueiras (Tocantins)
Itacajá
Itaguatins
Itapiratins
Itaporã do Tocantins
Jaú do Tocantins
Juarina
Lagoa da Confusão
Lagoa do Tocantins
Lajeado (Tocantins)
Lavandeira
Lizarda
Luzinópolis
Marianópolis do Tocantins
Mateiros
Maurilândia do Tocantins
Miracema do Tocantins
Miranorte
Monte do Carmo
Monte Santo do Tocantins
Palmeiras do Tocantins
Muricilândia
Natividade (Tocantins)
Nazaré (Tocantins)
Nova Olinda (Tocantins)
Nova Rosalândia
Novo Acordo
Novo Alegre
Novo Jardim
Oliveira de Fátima
Palmeirante
Palmeirópolis
Paraíso do Tocantins
Paranã (Tocantins)
Pau D'Arco (Tocantins)
Pedro Afonso
Peixe
Pequizeiro
Colméia
Pindorama do Tocantins
Piraquê
Pium
Ponte Alta do Bom Jesus
Ponte Alta do Tocantins
Porto Alegre do Tocantins
Porto Nacional
Praia Norte
Presidente Kennedy (Tocantins)
Pugmil
Recursolândia
Riachinho (Tocantins)
Rio da Conceição
Rio dos Bois
Rio Sono
Sampaio
Sandolândia
Santa Fé do Araguaia
Santa Maria do Tocantins
Santa Rita do Tocantins
Santa Rosa do Tocantins
Santa Tereza do Tocantins
Santa Terezinha do Tocantins
São Bento do Tocantins
São Félix do Tocantins
São Miguel do Tocantins
São Salvador do Tocantins
São Sebastião do Tocantins
São Valério
Silvanópolis
Sítio Novo do Tocantins
Sucupira
Taguatinga
Taipas do Tocantins
Talismã
Palmas (Tocantins)
Tocantínia
Tocantinópolis
Tupirama
Tupiratins
Wanderlândia
Xambioá
Açailândia
Afonso Cunha
Água Doce do Maranhão
Alcântara
Aldeias Altas
Altamira do Maranhão
Alto Alegre do Maranhão
Alto Alegre do Pindaré
Alto Parnaíba
Amapá do Maranhão
Amarante do Maranhão
Anajatuba
Anapurus
Apicum-Açu
Araguanã (Maranhão)
Araioses
Arame
Arari
Axixá
Bacabal
Bacabeira
Bacuri
Bacurituba
Balsas
Barão de Grajaú
Barra do Corda
Barreirinhas
Belágua
Bela Vista do Maranhão
Benedito Leite
Bequimão
Bernardo do Mearim
Boa Vista do Gurupi
Bom Jardim (Maranhão)
Bom Jesus das Selvas
Bom Lugar
Brejo
Brejo de Areia
Buriti
Buriti Bravo
Buriticupu
Buritirana
Cachoeira Grande
Cajapió
Cajari
Campestre do Maranhão
Cândido Mendes
Cantanhede
Capinzal do Norte
Carolina
Carutapera
Caxias
Cedral (Maranhão)
Central do Maranhão
Centro do Guilherme
Centro Novo do Maranhão
Chapadinha
Cidelândia
Codó
Coelho Neto
Colinas (Maranhão)
Conceição do Lago-Açu
Coroatá
Cururupu
Davinópolis (Maranhão)
Dom Pedro
Duque Bacelar
Esperantinópolis
Estreito
Feira Nova do Maranhão
Fernando Falcão
Formosa da Serra Negra
Fortaleza dos Nogueiras
Fortuna
Godofredo Viana
Gonçalves Dias
Governador Archer
Governador Edison Lobão
Governador Eugênio Barros
Governador Luiz Rocha
Governador Newton Bello
Governador Nunes Freire
Graça Aranha
Grajaú
Guimarães
Humberto de Campos
Icatu
Igarapé do Meio
Igarapé Grande
Imperatriz
Itaipava do Grajaú
Itapecuru Mirim
Itinga do Maranhão
Jatobá (Maranhão)
Jenipapo dos Vieiras
João Lisboa
Joselândia
Junco do Maranhão
Lago da Pedra
Lago do Junco
Lago Verde
Lagoa do Mato
Lago dos Rodrigues
Lagoa Grande do Maranhão
Lajeado Novo
Lima Campos
Loreto
Luís Domingues
Magalhães de Almeida
Maracaçumé
Marajá do Sena
Maranhãozinho
Mata Roma
Matinha
Matões
Matões do Norte
Milagres do Maranhão
Mirador (Maranhão)
Miranda do Norte
Mirinzal
Monção
Montes Altos
Morros
Nina Rodrigues
Nova Colinas
Nova Iorque
Nova Olinda do Maranhão
Olho d'Água das Cunhãs
Olinda Nova do Maranhão
Paço do Lumiar
Palmeirândia
Paraibano
Parnarama
Passagem Franca
Pastos Bons
Paulino Neves
Paulo Ramos
Pedreiras
Pedro do Rosário
Penalva
Peri Mirim
Peritoró
Pindaré-Mirim
Pinheiro
Pio Xii
Pirapemas
Poção de Pedras
Porto Franco
Porto Rico do Maranhão
Presidente Dutra (Maranhão)
Presidente Juscelino (Maranhão)
Presidente Médici (Maranhão)
Presidente Sarney
Presidente Vargas
Primeira Cruz
Raposa
Riachão (Maranhão)
Ribamar Fiquene
Rosário
Sambaíba
Santa Filomena do Maranhão
Santa Helena (Maranhão)
Santa Inês (Maranhão)
Santa Luzia (Maranhão)
Santa Luzia do Paruá
Santa Quitéria do Maranhão
Santa Rita (Maranhão)
Santana do Maranhão
Santo Amaro do Maranhão
Santo Antônio dos Lopes
São Benedito do Rio Preto
São Bento (Maranhão)
São Bernardo
São Domingos do Azeitão
São Domingos do Maranhão
São Félix de Balsas
São Francisco do Brejão
São Francisco do Maranhão
São João Batista (Maranhão)
São João do Carú
São João do Paraíso (Maranhão)
São João do Soter
São João dos Patos
São José de Ribamar
São José dos Basílios
São Luís
São Luís Gonzaga do Maranhão
São Mateus do Maranhão
São Pedro da Água Branca
São Pedro dos Crentes
São Raimundo das Mangabeiras
São Raimundo do Doca Bezerra
São Roberto
São Vicente Ferrer (Maranhão)
Satubinha
Senador Alexandre Costa
Senador La Rocque
Serrano do Maranhão
Sítio Novo (Maranhão)
Sucupira do Norte
Sucupira do Riachão
Tasso Fragoso
Timbiras
Timon
Trizidela do Vale
Tufilândia
Tuntum
Turiaçu
Turilândia
Tutóia
Urbano Santos
Vargem Grande
Viana (Maranhão)
Vila Nova dos Martírios
Vitória do Mearim
Vitorino Freire
Zé Doca
Acauã
Agricolândia
Água Branca (Piauí)
Alagoinha do Piauí
Alegrete do Piauí
Alto Longá
Altos
Alvorada do Gurguéia
Amarante
Angical do Piauí
Anísio de Abreu
Antônio Almeida
Aroazes
Aroeiras do Itaim
Arraial
Assunção do Piauí
Avelino Lopes
Baixa Grande do Ribeiro
Barra D'alcântara
Barras
Barreiras do Piauí
Barro Duro
Batalha (Piauí)
Bela Vista do Piauí
Belém do Piauí
Beneditinos
Bertolínia
Betânia do Piauí
Boa Hora
Bocaina (Piauí)
Bom Jesus (Piauí)
Bom Princípio do Piauí
Bonfim do Piauí
Boqueirão do Piauí
Brasileira
Brejo do Piauí
Buriti dos Lopes
Buriti dos Montes
Cabeceiras do Piauí
Cajazeiras do Piauí
Cajueiro da Praia
Caldeirão Grande do Piauí
Campinas do Piauí
Campo Alegre do Fidalgo
Campo Grande do Piauí
Campo Largo do Piauí
Campo Maior
Canavieira
Canto do Buriti
Capitão de Campos
Capitão Gervásio Oliveira
Caracol (Piauí)
Caraúbas do Piauí
Caridade do Piauí
Castelo do Piauí
Caxingó
Cocal
Cocal de Telha
Cocal dos Alves
Coivaras
Colônia do Gurguéia
Colônia do Piauí
Conceição do Canindé
Coronel José Dias
Corrente
Cristalândia do Piauí
Cristino Castro
Curimatá
Currais
Curralinhos
Curral Novo do Piauí
Demerval Lobão
Dirceu Arcoverde
Dom Expedito Lopes
Domingos Mourão
Dom Inocêncio
Elesbão Veloso
Eliseu Martins
Esperantina (Piauí)
Fartura do Piauí
Flores do Piauí
Floresta do Piauí
Floriano
Francinópolis
Francisco Ayres
Francisco Macedo
Francisco Santos
Fronteiras
Geminiano
Gilbués
Guadalupe
Guaribas
Hugo Napoleão
Ilha Grande
Inhuma
Ipiranga do Piauí
Isaías Coelho
Itainópolis
Itaueira
Jacobina do Piauí
Jaicós
Jardim do Mulato
Jatobá do Piauí
Jerumenha
João Costa
Joaquim Pires
Joca Marques
José de Freitas
Juazeiro do Piauí
Júlio Borges
Jurema (Piauí)
Lagoinha do Piauí
Lagoa Alegre
Lagoa do Barro do Piauí
Lagoa de São Francisco
Lagoa do Piauí
Lagoa do Sítio
Landri Sales
Luís Correia
Luzilândia
Madeiro
Manoel Emídio
Marcolândia
Marcos Parente
Massapê do Piauí
Matias Olímpio
Miguel Alves
Miguel Leão
Milton Brandão
Monsenhor Gil
Monsenhor Hipólito
Monte Alegre do Piauí
Morro Cabeça No Tempo
Morro do Chapéu do Piauí
Murici dos Portelas
Nazaré do Piauí
Nazária
Nossa Senhora de Nazaré
Nossa Senhora dos Remédios
Novo Oriente do Piauí
Novo Santo Antônio (Piauí)
Oeiras
Olho d'Água do Piauí
Padre Marcos
Paes Landim
Pajeú do Piauí
Palmeira do Piauí
Palmeirais
Paquetá
Parnaguá
Parnaíba
Passagem Franca do Piauí
Patos do Piauí
Pau D'Arco do Piauí
Paulistana
Pavussu
Pedro II
Pedro Laurentino
Nova Santa Rita (Piauí)
Picos
Pimenteiras
Pio Ix
Piracuruca
Piripiri
Porto
Porto Alegre do Piauí
Prata do Piauí
Queimada Nova
Redenção do Gurguéia
Regeneração
Riacho Frio
Ribeira do Piauí
Ribeiro Gonçalves
Rio Grande do Piauí
Santa Cruz do Piauí
Santa Cruz dos Milagres
Santa Filomena (Piauí)
Santa Luz
Santana do Piauí
Santa Rosa do Piauí
Santo Antônio de Lisboa
Santo Antônio dos Milagres
Santo Inácio do Piauí
São Braz do Piauí
São Félix do Piauí
São Francisco de Assis do Piauí
São Francisco do Piauí
São Gonçalo do Gurguéia
São Gonçalo do Piauí
São João da Canabrava
São João da Fronteira
São João da Serra
São João da Varjota
São João do Arraial
São João do Piauí
São José do Divino (Piauí)
São José do Peixe
São José do Piauí
São Julião
São Lourenço do Piauí
São Luis do Piauí
São Miguel da Baixa Grande
São Miguel do Fidalgo
São Miguel do Tapuio
São Pedro do Piauí
São Raimundo Nonato
Sebastião Barros
Sebastião Leal
Sigefredo Pacheco
Simões
Simplício Mendes
Socorro do Piauí
Sussuapara
Tamboril do Piauí
Tanque do Piauí
Teresina
União
Uruçuí
Valença do Piauí
Várzea Branca
Várzea Grande (Piauí)
Vera Mendes
Vila Nova do Piauí
Wall Ferraz
Abaiara
Acarape
Acaraú
Acopiara
Aiuaba
Alcântaras
Altaneira
Alto Santo
Amontada
Antonina do Norte
Apuiarés
Aquiraz
Aracati
Aracoiaba (Ceará)
Ararendá
Araripe
Aratuba
Arneiroz
Assaré
Aurora (Ceará)
Baixio
Banabuiú
Barbalha
Barreira
Barro
Barroquinha
Baturité
Beberibe
Bela Cruz
Boa Viagem
Brejo Santo
Camocim
Campos Sales
Canindé
Capistrano
Caridade
Cariré
Caririaçu
Cariús
Carnaubal
Cascavel (Ceará)
Catarina
Catunda
Caucaia
Cedro (Ceará)
Chaval
Choró
Chorozinho
Coreaú
Crateús
Crato
Croatá
Cruz
Deputado Irapuan Pinheiro
Ereré
Eusébio
Farias Brito
Forquilha
Fortaleza
Fortim
Frecheirinha
General Sampaio
Graça
Granja
Granjeiro
Groaíras
Guaiúba
Guaraciaba do Norte
Guaramiranga
Hidrolândia (Ceará)
Horizonte
Ibaretama
Ibiapina
Ibicuitinga
Icapuí
Icó
Iguatu (Ceará)
Independência (Ceará)
Ipaporanga
Ipaumirim
Ipu
Ipueiras (Ceará)
Iracema (Ceará)
Irauçuba
Itaiçaba
Itaitinga
Itapajé
Itapipoca
Itapiúna
Itarema
Itatira
Jaguaretama
Jaguaribara
Jaguaribe
Jaguaruana
Jardim (Ceará)
Jati
Jijoca de Jericoacoara
Juazeiro do Norte
Jucás
Lavras da Mangabeira
Limoeiro do Norte
Madalena
Maracanaú
Maranguape
Marco
Martinópole
Massapê
Mauriti
Meruoca
Milagres (Ceará)
Milhã
Miraíma
Missão Velha
Mombaça
Monsenhor Tabosa
Morada Nova
Moraújo
Morrinhos (Ceará)
Mucambo
Mulungu (Ceará)
Nova Olinda (Ceará)
Nova Russas
Novo Oriente
Ocara
Orós
Pacajus
Pacatuba (Ceará)
Pacoti
Pacujá
Palhano
Palmácia
Paracuru
Paraipaba
Parambu
Paramoti
Pedra Branca (Ceará)
Penaforte
Pentecoste
Pereiro
Pindoretama
Piquet Carneiro
Pires Ferreira
Poranga
Porteiras
Potengi
Potiretama
Quiterianópolis
Quixadá
Quixelô
Quixeramobim
Quixeré
Redenção (Ceará)
Reriutaba
Russas
Saboeiro
Salitre
Santana do Acaraú
Santana do Cariri
Santa Quitéria
São Benedito
São Gonçalo do Amarante (Ceará)
São João do Jaguaribe
São Luís do Curu
Senador Pompeu
Senador Sá
Sobral
Solonópole
Tabuleiro do Norte
Tamboril
Tarrafas
Tauá
Tejuçuoca
Tianguá
Trairi
Tururu
Ubajara
Umari
Umirim
Uruburetama
Uruoca
Varjota
Várzea Alegre
Viçosa do Ceará
Acari
Açu
Afonso Bezerra
Água Nova
Alexandria
Almino Afonso
Alto do Rodrigues
Angicos
Antônio Martins
Apodi
Areia Branca (Rio Grande do Norte)
Arês
Campo Grande (Rio Grande do Norte)
Baía Formosa
Baraúna (Rio Grande do Norte)
Barcelona
Bento Fernandes
Bodó
Bom Jesus (Rio Grande do Norte)
Brejinho (Rio Grande do Norte)
Caiçara do Norte
Caiçara do Rio do Vento
Caicó
Campo Redondo
Canguaretama
Caraúbas (Rio Grande do Norte)
Carnaúba dos Dantas
Carnaubais
Ceará-Mirim
Cerro Corá
Coronel Ezequiel
Coronel João Pessoa
Cruzeta
Currais Novos
Doutor Severiano
Parnamirim (Rio Grande do Norte)
Encanto
Equador
Espírito Santo
Extremoz
Felipe Guerra
Fernando Pedroza
Florânia
Francisco Dantas
Frutuoso Gomes
Galinhos
Goianinha
Governador Dix-Sept Rosado
Grossos
Guamaré
Ielmo Marinho
Ipanguaçu
Ipueira
Itajá (Rio Grande do Norte)
Itaú
Jaçanã
Jandaíra (Rio Grande do Norte)
Janduís
Januário Cicco
Japi
Jardim de Angicos
Jardim de Piranhas
Jardim do Seridó
João Câmara
João Dias
José da Penha
Jucurutu
Jundiá (Rio Grande do Norte)
Lagoa D'anta
Lagoa de Pedras
Lagoa de Velhos
Lagoa Nova
Lagoa Salgada
Lajes
Lajes Pintadas
Lucrécia
Luís Gomes
Macaíba
Macau
Major Sales
Marcelino Vieira
Martins
Maxaranguape
Messias Targino
Montanhas
Monte Alegre (Rio Grande do Norte)
Monte das Gameleiras
Mossoró
Natal
Nísia Floresta
Nova Cruz
Olho d'Água do Borges
Ouro Branco (Rio Grande do Norte)
Paraná (Rio Grande do Norte)
Paraú
Parazinho
Parelhas
Rio do Fogo
Passa e Fica
Passagem (Rio Grande do Norte)
Patu
Santa Maria (Rio Grande do Norte)
Pau dos Ferros
Pedra Grande
Pedra Preta (Rio Grande do Norte)
Pedro Avelino
Pedro Velho
Pendências
Pilões (Rio Grande do Norte)
Poço Branco
Portalegre
Porto do Mangue
Serra Caiada
Pureza
Rafael Fernandes
Rafael Godeiro
Riacho da Cruz
Riacho de Santana (Rio Grande do Norte)
Riachuelo (Rio Grande do Norte)
Rodolfo Fernandes
Tibau
Ruy Barbosa (Rio Grande do Norte)
Santa Cruz (Rio Grande do Norte)
Santana do Matos
Santana do Seridó
Santo Antônio
São Bento do Norte
São Bento do Trairí
São Fernando
São Francisco do Oeste
São Gonçalo do Amarante (Rio Grande do Norte)
São João do Sabugi
São José de Mipibu
São José do Campestre
São José do Seridó
São Miguel
São Miguel do Gostoso
São Paulo do Potengi
São Pedro (Rio Grande do Norte)
São Rafael
São Tomé (Rio Grande do Norte)
São Vicente (Rio Grande do Norte)
Senador Elói de Souza
Senador Georgino Avelino
Serra de São Bento
Serra do Mel
Serra Negra do Norte
Serrinha (Rio Grande do Norte)
Serrinha dos Pintos
Severiano Melo
Sítio Novo (Rio Grande do Norte)
Taboleiro Grande
Taipu
Tangará (Rio Grande do Norte)
Tenente Ananias
Tenente Laurentino Cruz
Tibau do Sul
Timbaúba dos Batistas
Touros
Triunfo Potiguar
Umarizal
Upanema
Várzea (Rio Grande do Norte)
Venha-Ver
Vera Cruz (Rio Grande do Norte)
Viçosa (Rio Grande do Norte)
Vila Flor
Água Branca (Paraíba)
Aguiar
Alagoa Grande
Alagoa Nova
Alagoinha (Paraíba)
Alcantil
Algodão de Jandaíra
Alhandra
São João do Rio do Peixe
Amparo (Paraíba)
Aparecida (Paraíba)
Araçagi
Arara
Araruna (Paraíba)
Areia
Areia de Baraúnas
Areial
Aroeiras
Assunção
Baía da Traição
Bananeiras
Baraúna (Paraíba)
Barra de Santana
Barra de Santa Rosa
Barra de São Miguel (Paraíba)
Bayeux
Belém (Paraíba)
Belém do Brejo do Cruz
Bernardino Batista
Boa Ventura
Boa Vista (Paraíba)
Bom Jesus (Paraíba)
Bom Sucesso (Paraíba)
Bonito de Santa Fé
Boqueirão
Igaracy
Borborema (Paraíba)
Brejo do Cruz
Brejo dos Santos
Caaporã
Cabaceiras
Cabedelo
Cachoeira dos Índios
Cacimba de Areia
Cacimba de Dentro
Cacimbas
Caiçara (Paraíba)
Cajazeiras
Cajazeirinhas
Caldas Brandão
Camalaú
Campina Grande
Capim
Caraúbas (Paraíba)
Carrapateira
Casserengue
Catingueira
Catolé do Rocha
Caturité
Conceição
Condado (Paraíba)
Conde (Paraíba)
Congo
Coremas
Coxixola
Cruz do Espírito Santo
Cubati
Cuité
Cuitegi
Cuité de Mamanguape
Curral de Cima
Curral Velho
Damião
Desterro
Vista Serrana
Diamante
Dona Inês
Duas Estradas
Emas
Esperança
Fagundes
Frei Martinho
Gado Bravo
Guarabira
Gurinhém
Gurjão
Ibiara
Imaculada
Ingá
Itabaiana (Paraíba)
Itaporanga (Paraíba)
Itapororoca
Itatuba
Jacaraú
Jericó
João Pessoa
Juarez Távora
Juazeirinho
Junco do Seridó
Juripiranga
Juru
Lagoa
Lagoa de Dentro
Lagoa Seca
Lastro
Livramento
Logradouro
Lucena
Mãe D'água
Malta
Mamanguape
Manaíra
Marcação
Mari
Marizópolis
Massaranduba (Paraíba)
Mataraca
Matinhas
Mato Grosso
Maturéia
Mogeiro
Montadas
Monte Horebe
Monteiro
Mulungu (Paraíba)
Natuba
Nazarezinho
Nova Floresta
Nova Olinda (Paraíba)
Nova Palmeira
Olho d'Água
Olivedos
Ouro Velho
Parari
Passagem (Paraíba)
Patos
Paulista (Paraíba)
Pedra Branca (Paraíba)
Pedra Lavrada
Pedras de Fogo
Piancó
Picuí
Pilar (Paraíba)
Pilões (Paraíba)
Pilõezinhos
Pirpirituba
Pitimbu
Pocinhos
Poço Dantas
Poço de José de Moura
Pombal
Prata (Paraíba)
Princesa Isabel
Puxinanã
Queimadas (Paraíba)
Quixaba (Paraíba)
Remígio
Pedro Régis
Riachão (Paraíba)
Riachão do Bacamarte
Riachão do Poço
Riacho de Santo Antônio
Riacho dos Cavalos
Rio Tinto
Salgadinho (Paraíba)
Salgado de São Félix
Santa Cecília (Paraíba)
Santa Cruz (Paraíba)
Santa Helena (Paraíba)
Santa Inês (Paraíba)
Santa Luzia (Paraíba)
Santana de Mangueira
Santana dos Garrotes
Joca Claudino
Santa Rita (Paraíba)
Santa Teresinha
Santo André (Paraíba)
São Bento (Paraíba)
São Bentinho
São Domingos do Cariri
São Domingos (Paraíba)
São Francisco (Paraíba)
São João do Cariri
São João do Tigre
São José da Lagoa Tapada
São José de Caiana
São José de Espinharas
São José dos Ramos
São José de Piranhas
São José de Princesa
São José do Bonfim
São José do Brejo do Cruz
São José do Sabugi
São José dos Cordeiros
São Mamede
São Miguel de Taipu
São Sebastião de Lagoa de Roça
São Sebastião do Umbuzeiro
Sapé
São Vicente do Seridó
Serra Branca
Serra da Raiz
Serra Grande
Serra Redonda
Serraria
Sertãozinho (Paraíba)
Sobrado
Solânea
Soledade (Paraíba)
Sossêgo
Sousa
Sumé
Tacima
Taperoá (Paraíba)
Tavares (Paraíba)
Teixeira
Tenório
Triunfo (Paraíba)
Uiraúna
Umbuzeiro
Várzea (Paraíba)
Vieirópolis
Zabelê
Abreu e Lima
Afogados da Ingazeira
Afrânio
Agrestina
Água Preta
Águas Belas
Alagoinha (Pernambuco)
Aliança
Altinho
Amaraji
Angelim
Araçoiaba (Pernambuco)
Araripina
Arcoverde
Barra de Guabiraba
Barreiros
Belém de Maria
Belém do São Francisco
Belo Jardim
Betânia
Bezerros
Bodocó
Bom Conselho
Bom Jardim (Pernambuco)
Bonito (Pernambuco)
Brejão
Brejinho (Pernambuco)
Brejo da Madre de Deus
Buenos Aires
Buíque
Cabo de Santo Agostinho
Cabrobó
Cachoeirinha (Pernambuco)
Caetés
Calçado
Calumbi
Camaragibe
Camocim de São Félix
Camutanga
Canhotinho
Capoeiras
Carnaíba
Carnaubeira da Penha
Carpina
Caruaru
Casinhas
Catende
Cedro (Pernambuco)
Chã de Alegria
Chã Grande
Condado (Pernambuco)
Correntes
Cortês
Cumaru
Cupira
Custódia
Dormentes
Escada
Exu
Feira Nova (Pernambuco)
Fernando de Noronha
Ferreiros
Flores
Floresta (Pernambuco)
Frei Miguelinho
Gameleira
Garanhuns
Glória do Goitá
Goiana (Pernambuco)
Granito
Gravatá
Iati
Ibimirim
Ibirajuba
Igarassu
Iguaracy
Inajá (Pernambuco)
Ingazeira
Ipojuca
Ipubi
Itacuruba
Itaíba
Ilha de Itamaracá
Itambé (Pernambuco)
Itapetim
Itapissuma
Itaquitinga
Jaboatão dos Guararapes
Jaqueira
Jataúba
Jatobá (Pernambuco)
João Alfredo
Joaquim Nabuco
Jucati
Jupi
Jurema (Pernambuco)
Lagoa do Carro
Lagoa de Itaenga
Lagoa do Ouro
Lagoa dos Gatos
Lagoa Grande (Pernambuco)
Lajedo
Limoeiro
Macaparana
Machados
Manari
Maraial
Mirandiba
Moreno
Nazaré da Mata
Olinda
Orobó
Orocó
Ouricuri
Palmares
Palmeirina
Panelas
Paranatama
Parnamirim (Pernambuco)
Passira
Paudalho
Paulista (Pernambuco)
Pedra
Pesqueira
Petrolândia (Pernambuco)
Petrolina
Poção
Pombos
Primavera (Pernambuco)
Quipapá
Quixaba (Pernambuco)
Recife
Riacho das Almas
Ribeirão
Rio Formoso
Sairé
Salgadinho (Pernambuco)
Salgueiro
Saloá
Sanharó
Santa Cruz (Pernambuco)
Santa Cruz da Baixa Verde
Santa Cruz do Capibaribe
Santa Filomena (Pernambuco)
Santa Maria da Boa Vista
Santa Maria do Cambucá
Santa Terezinha (Pernambuco)
São Benedito do Sul
São Bento do Una
São Caitano
São João (Pernambuco)
São Joaquim do Monte
São José da Coroa Grande
São José do Belmonte
São José do Egito
São Lourenço da Mata
São Vicente Férrer (Pernambuco)
Serra Talhada
Serrita
Sertânia
Sirinhaém
Moreilândia
Solidão
Surubim
Tabira
Tacaimbó
Tacaratu
Tamandaré
Taquaritinga do Norte
Terezinha
Terra Nova (Pernambuco)
Timbaúba
Toritama
Tracunhaém
Trindade (Pernambuco)
Triunfo (Pernambuco)
Tupanatinga
Tuparetama
Venturosa
Verdejante
Vertente do Lério
Vertentes
Vicência
Vitória de Santo Antão
Xexéu
Água Branca (Alagoas)
Anadia
Arapiraca
Atalaia (Alagoas)
Barra de Santo Antônio
Barra de São Miguel (Alagoas)
Batalha (Alagoas)
Belém (Alagoas)
Belo Monte
Boca da Mata
Branquinha
Cacimbinhas
Cajueiro
Campestre (Alagoas)
Campo Alegre (Alagoas)
Campo Grande (Alagoas)
Canapi
Capela (Alagoas)
Carneiros
Chã Preta
Coité do Nóia
Colônia Leopoldina
Coqueiro Seco
Coruripe
Craíbas
Delmiro Gouveia
Dois Riachos
Estrela de Alagoas
Feira Grande
Feliz Deserto
Flexeiras
Girau do Ponciano
Ibateguara
Igaci
Igreja Nova
Inhapi
Jacaré dos Homens
Jacuípe
Japaratinga
Jaramataia
Jequiá da Praia
Joaquim Gomes
Jundiá (Alagoas)
Junqueiro
Lagoa da Canoa
Limoeiro de Anadia
Maceió
Major Isidoro
Maragogi
Maravilha (Alagoas)
Marechal Deodoro
Maribondo
Mar Vermelho
Mata Grande
Matriz de Camaragibe
Messias
Minador do Negrão
Monteirópolis
Murici
Novo Lino
Olho d'Água das Flores
Olho d'Água do Casado
Olho d'Água Grande
Olivença
Ouro Branco (Alagoas)
Palestina (Alagoas)
Palmeira dos Índios
Pão de Açúcar
Pariconha
Paripueira
Passo de Camaragibe
Paulo Jacinto
Penedo
Piaçabuçu
Pilar (Alagoas)
Pindoba
Piranhas (Alagoas)
Poço das Trincheiras
Porto Calvo
Porto de Pedras
Porto Real do Colégio
Quebrangulo
Rio Largo
Roteiro
Santa Luzia do Norte
Santana do Ipanema
Santana do Mundaú
São Brás
São José da Laje
São José da Tapera
São Luís do Quitunde
São Miguel dos Campos
São Miguel dos Milagres
São Sebastião (Alagoas)
Satuba
Senador Rui Palmeira
Tanque D'arca
Taquarana
Teotônio Vilela
Traipu
União dos Palmares
Viçosa (Alagoas)
Amparo do São Francisco
Aquidabã
Aracaju
Arauá
Areia Branca (Sergipe)
Barra dos Coqueiros
Boquim
Brejo Grande
Campo do Brito
Canhoba
Canindé de São Francisco
Capela (Sergipe)
Carira
Carmópolis
Cedro de São João
Cristinápolis
Cumbe
Divina Pastora
Estância
Feira Nova (Sergipe)
Frei Paulo
Gararu
General Maynard
Gracho Cardoso
Ilha das Flores
Indiaroba
Itabaiana (Sergipe)
Itabaianinha
Itabi
Itaporanga D'ajuda
Japaratuba
Japoatã
Lagarto
Laranjeiras
Macambira
Malhada dos Bois
Malhador
Maruim
Moita Bonita
Monte Alegre de Sergipe
Muribeca
Neópolis
Nossa Senhora Aparecida
Nossa Senhora da Glória
Nossa Senhora das Dores
Nossa Senhora de Lourdes
Nossa Senhora do Socorro
Pacatuba (Sergipe)
Pedra Mole
Pedrinhas
Pinhão (Sergipe)
Pirambu
Poço Redondo
Poço Verde
Porto da Folha
Propriá
Riachão do Dantas
Riachuelo (Sergipe)
Ribeirópolis
Rosário do Catete
Salgado
Santa Luzia do Itanhy
Santana do São Francisco
Santa Rosa de Lima (Sergipe)
Santo Amaro das Brotas
São Cristóvão
São Domingos (Sergipe)
São Francisco (Sergipe)
São Miguel do Aleixo
Simão Dias
Siriri
Telha
Tobias Barreto
Tomar do Geru
Umbaúba
Abaíra
Abaré
Acajutiba
Adustina
Água Fria
Érico Cardoso
Aiquara
Alagoinhas
Alcobaça
Almadina
Amargosa
Amélia Rodrigues
América Dourada
Anagé
Andaraí
Andorinha
Angical
Anguera
Antas
Antônio Cardoso
Antônio Gonçalves
Aporá
Apuarema
Aracatu
Araçás
Araci
Aramari
Arataca
Aratuípe
Aurelino Leal
Baianópolis
Baixa Grande
Banzaê
Barra
Barra da Estiva
Barra do Choça
Barra do Mendes
Barra do Rocha
Barreiras
Barro Alto (Bahia)
Barrocas
Barro Preto
Belmonte (Bahia)
Belo Campo
Biritinga
Boa Nova
Boa Vista do Tupim
Bom Jesus da Lapa
Bom Jesus da Serra
Boninal
Bonito (Bahia)
Boquira
Botuporã
Brejões
Brejolândia
Brotas de Macaúbas
Brumado
Buerarema
Buritirama
Caatiba
Cabaceiras do Paraguaçu
Cachoeira
Caculé
Caém
Caetanos
Caetité
Cafarnaum
Cairu
Caldeirão Grande
Camacan
Camaçari
Camamu
Campo Alegre de Lourdes
Campo Formoso
Canápolis (Bahia)
Canarana (Bahia)
Canavieiras
Candeal
Candeias (Bahia)
Candiba
Cândido Sales
Cansanção
Canudos
Capela do Alto Alegre
Capim Grosso
Caraíbas
Caravelas
Cardeal da Silva
Carinhanha
Casa Nova
Castro Alves
Catolândia
Catu
Caturama
Central
Chorrochó
Cícero Dantas
Cipó
Coaraci
Cocos
Conceição da Feira
Conceição do Almeida
Conceição do Coité
Conceição do Jacuípe
Conde (Bahia)
Condeúba
Contendas do Sincorá
Coração de Maria
Cordeiros
Coribe
Coronel João Sá
Correntina
Cotegipe
Cravolândia
Crisópolis
Cristópolis
Cruz das Almas
Curaçá
Dário Meira
Dias D'ávila
Dom Basílio
Dom Macedo Costa
Elísio Medrado
Encruzilhada
Entre Rios (Bahia)
Esplanada
Euclides da Cunha
Eunápolis
Fátima (Bahia)
Feira da Mata
Feira de Santana
Filadélfia (Bahia)
Firmino Alves
Floresta Azul
Formosa do Rio Preto
Gandu
Gavião
Gentio do Ouro
Glória
Gongogi
Governador Mangabeira
Guajeru
Guanambi
Guaratinga
Heliópolis
Iaçu
Ibiassucê
Ibicaraí
Ibicoara
Ibicuí
Ibipeba
Ibipitanga
Ibiquera
Ibirapitanga
Ibirapuã
Ibirataia
Ibitiara
Ibititá
Ibotirama
Ichu
Igaporã
Igrapiúna
Iguaí
Ilhéus
Inhambupe
Ipecaetá
Ipiaú
Ipirá (Bahia)
Ipupiara
Irajuba
Iramaia
Iraquara
Irará
Irecê
Itabela
Itaberaba
Itabuna
Itacaré
Itaeté
Itagi
Itagibá
Itagimirim
Itaguaçu da Bahia
Itaju do Colônia
Itajuípe
Itamaraju
Itamari
Itambé (Bahia)
Itanagra
Itanhém
Itaparica
Itapé
Itapebi
Itapetinga
Itapicuru
Itapitanga
Itaquara
Itarantim
Itatim
Itiruçu
Itiúba
Itororó
Ituaçu
Ituberá
Iuiu
Jaborandi (Bahia)
Jacaraci
Jacobina
Jaguaquara
Jaguarari
Jaguaripe
Jandaíra (Bahia)
Jequié
Jeremoabo
Jiquiriçá
Jitaúna
João Dourado
Juazeiro
Jucuruçu
Jussara (Bahia)
Jussari
Jussiape
Lafaiete Coutinho
Lagoa Real
Laje
Lajedão
Lajedinho
Lajedo do Tabocal
Lamarão
Lapão
Lauro de Freitas
Lençóis
Licínio de Almeida
Livramento de Nossa Senhora
Luís Eduardo Magalhães
Macajuba
Macarani
Macaúbas
Macururé
Madre de Deus
Maetinga
Maiquinique
Mairi
Malhada
Malhada de Pedras
Manoel Vitorino
Mansidão
Maracás
Maragogipe
Maraú (Bahia)
Marcionílio Souza
Mascote
Mata de São João
Matina
Medeiros Neto
Miguel Calmon
Milagres (Bahia)
Mirangaba
Mirante
Monte Santo
Morpará
Morro do Chapéu
Mortugaba
Mucugê
Mucuri
Mulungu do Morro
Mundo Novo (Bahia)
Muniz Ferreira
Muquém do São Francisco
Muritiba
Mutuípe
Nazaré (Bahia)
Nilo Peçanha
Nordestina
Nova Canaã
Nova Fátima (Bahia)
Nova Ibiá
Nova Itarana
Nova Redenção
Nova Soure
Nova Viçosa
Novo Horizonte (Bahia)
Novo Triunfo
Olindina
Oliveira dos Brejinhos
Ouriçangas
Ourolândia
Palmas de Monte Alto
Palmeiras
Paramirim
Paratinga
Paripiranga
Pau Brasil
Paulo Afonso
Pé de Serra
Pedrão
Pedro Alexandre
Piatã
Pilão Arcado
Pindaí
Pindobaçu
Pintadas
Piraí do Norte
Piripá
Piritiba
Planaltino
Planalto (Bahia)
Poções
Pojuca
Ponto Novo
Porto Seguro
Potiraguá
Prado
Presidente Dutra (Bahia)
Presidente Jânio Quadros
Presidente Tancredo Neves
Queimadas (Bahia)
Quijingue
Quixabeira
Rafael Jambeiro
Remanso
Retirolândia
Riachão das Neves
Riachão do Jacuípe
Riacho de Santana (Bahia)
Ribeira do Amparo
Ribeira do Pombal
Ribeirão do Largo
Rio de Contas
Rio do Antônio
Rio do Pires
Rio Real
Rodelas
Ruy Barbosa (Bahia)
Salinas da Margarida
Salvador
Santa Bárbara (Bahia)
Santa Brígida
Santa Cruz Cabrália
Santa Cruz da Vitória
Santa Inês (Bahia)
Santaluz
Santa Luzia (Bahia)
Santa Maria da Vitória
Santana (Bahia)
Santanópolis
Santa Rita de Cássia
Santa Terezinha (Bahia)
Santo Amaro
Santo Antônio de Jesus
Santo Estêvão
São Desidério
São Domingos (Bahia)
São Félix
São Félix do Coribe
São Felipe
São Francisco do Conde
São Gabriel (Bahia)
São Gonçalo dos Campos
São José da Vitória
São José do Jacuípe
São Miguel das Matas
São Sebastião do Passé
Sapeaçu
Sátiro Dias
Saubara
Saúde
Seabra
Sebastião Laranjeiras
Senhor do Bonfim
Serra do Ramalho
Sento Sé
Serra Dourada
Serra Preta
Serrinha (Bahia)
Serrolândia
Simões Filho
Sítio do Mato
Sítio do Quinto
Sobradinho (Bahia)
Souto Soares
Tabocas do Brejo Velho
Tanhaçu
Tanque Novo
Tanquinho
Taperoá (Bahia)
Tapiramutá
Teixeira de Freitas
Teodoro Sampaio (Bahia)
Teofilândia
Teolândia
Terra Nova (Bahia)
Tremedal
Tucano
Uauá
Ubaíra
Ubaitaba
Ubatã
Uibaí
Umburanas
Una
Urandi
Uruçuca
Utinga
Valença (Bahia)
Valente
Várzea da Roça
Várzea do Poço
Várzea Nova
Varzedo
Vera Cruz (Bahia)
Vereda
Vitória da Conquista
Wagner
Wanderley
Wenceslau Guimarães
Xique-Xique
Abadia dos Dourados
Abaeté
Abre Campo
Acaiaca
Açucena
Água Boa (Minas Gerais)
Água Comprida
Aguanil
Águas Formosas
Águas Vermelhas
Aimorés
Aiuruoca
Alagoa
Albertina
Além Paraíba
Alfenas
Alfredo Vasconcelos
Almenara
Alpercata
Alpinópolis
Alterosa
Alto Caparaó
Alto Rio Doce
Alvarenga
Alvinópolis
Alvorada de Minas
Amparo do Serra
Andradas
Cachoeira de Pajeú
Andrelândia
Angelândia
Antônio Carlos (Minas Gerais)
Antônio Dias
Antônio Prado de Minas
Araçaí
Aracitaba
Araçuaí
Araguari
Arantina
Araponga
Araporã
Arapuá (Minas Gerais)
Araújos
Araxá
Arceburgo
Arcos
Areado
Argirita
Aricanduva
Arinos
Astolfo Dutra
Ataléia
Augusto de Lima
Baependi
Baldim
Bambuí
Bandeira
Bandeira do Sul
Barão de Cocais
Barão de Monte Alto
Barbacena
Barra Longa
Barroso
Bela Vista de Minas
Belmiro Braga
Belo Horizonte
Belo Oriente
Belo Vale
Berilo
Bertópolis
Berizal
Betim
Bias Fortes
Bicas
Biquinhas
Boa Esperança (Minas Gerais)
Bocaina de Minas
Bocaiúva
Bom Despacho
Bom Jardim de Minas
Bom Jesus da Penha
Bom Jesus do Amparo
Bom Jesus do Galho
Bom Repouso
Bom Sucesso (Minas Gerais)
Bonfim (Minas Gerais)
Bonfinópolis de Minas
Bonito de Minas
Borda da Mata
Botelhos
Botumirim
Brasilândia de Minas
Brasília de Minas
Brás Pires
Braúnas
Brazópolis
Brumadinho
Bueno Brandão
Buenópolis
Bugre
Buritis (Minas Gerais)
Buritizeiro
Cabeceira Grande
Cabo Verde
Cachoeira da Prata
Cachoeira de Minas
Cachoeira Dourada (Minas Gerais)
Caetanópolis
Caeté
Caiana
Cajuri
Caldas
Camacho
Camanducaia
Cambuí
Cambuquira
Campanário
Campanha
Campestre (Minas Gerais)
Campina Verde
Campo Azul
Campo Belo
Campo do Meio
Campo Florido
Campos Altos
Campos Gerais
Canaã
Canápolis (Minas Gerais)
Cana Verde
Candeias (Minas Gerais)
Cantagalo (Minas Gerais)
Caparaó
Capela Nova
Capelinha
Capetinga
Capim Branco
Capinópolis
Capitão Andrade
Capitão Enéas
Capitólio
Caputira
Caraí
Caranaíba
Carandaí
Carangola
Caratinga
Carbonita
Careaçu
Carlos Chagas
Carmésia
Carmo da Cachoeira
Carmo da Mata
Carmo de Minas
Carmo do Cajuru
Carmo do Paranaíba
Carmo do Rio Claro
Carmópolis de Minas
Carneirinho
Carrancas
Carvalhópolis
Carvalhos
Casa Grande
Cascalho Rico
Cássia
Conceição da Barra de Minas
Cataguases
Catas Altas
Catas Altas da Noruega
Catuji
Catuti
Caxambu
Cedro do Abaeté
Central de Minas
Centralina
Chácara
Chalé
Chapada do Norte
Chapada Gaúcha
Chiador
Cipotânea
Claraval
Claro dos Poções
Cláudio
Coimbra
Coluna
Comendador Gomes
Comercinho
Conceição da Aparecida
Conceição das Pedras
Conceição das Alagoas
Conceição de Ipanema
Conceição do Mato Dentro
Conceição do Pará
Conceição do Rio Verde
Conceição dos Ouros
Cônego Marinho
Confins
Congonhal
Congonhas
Congonhas do Norte
Conquista
Conselheiro Lafaiete
Conselheiro Pena
Consolação
Contagem
Coqueiral
Coração de Jesus
Cordisburgo
Cordislândia
Corinto
Coroaci
Coromandel
Coronel Fabriciano
Coronel Murta
Coronel Pacheco
Coronel Xavier Chaves
Córrego Danta
Córrego do Bom Jesus
Córrego Fundo
Córrego Novo
Couto de Magalhães de Minas
Crisólita
Cristais
Cristália
Cristiano Otoni
Cristina
Crucilândia
Cruzeiro da Fortaleza
Cruzília
Cuparaque
Curral de Dentro
Curvelo
Datas
Delfim Moreira
Delfinópolis
Delta
Descoberto
Desterro de Entre Rios
Desterro do Melo
Diamantina
Diogo de Vasconcelos
Dionísio
Divinésia
Divino
Divino das Laranjeiras
Divinolândia de Minas
Divinópolis
Divisa Alegre
Divisa Nova
Divisópolis
Dom Bosco
Dom Cavati
Dom Joaquim
Dom Silvério
Dom Viçoso
Dona Euzébia
Dores de Campos
Dores de Guanhães
Dores do Indaiá
Dores do Turvo
Doresópolis
Douradoquara
Durandé
Elói Mendes
Engenheiro Caldas
Engenheiro Navarro
Entre Folhas
Entre Rios de Minas
Ervália
Esmeraldas
Espera Feliz
Espinosa
Espírito Santo do Dourado
Estiva
Estrela Dalva
Estrela do Indaiá
Estrela do Sul
Eugenópolis
Ewbank da Câmara
Extrema
Fama
Faria Lemos
Felício dos Santos
São Gonçalo do Rio Preto
Felisburgo
Felixlândia
Fernandes Tourinho
Ferros
Fervedouro
Florestal
Formiga
Formoso (Minas Gerais)
Fortaleza de Minas
Fortuna de Minas
Francisco Badaró
Francisco Dumont
Francisco Sá
Franciscópolis
Frei Gaspar
Frei Inocêncio
Frei Lagonegro
Fronteira
Fronteira dos Vales
Fruta de Leite
Frutal
Funilândia
Galiléia
Gameleiras
Glaucilândia
Goiabeira
Goianá (Minas Gerais)
Gonçalves
Gonzaga
Gouveia
Governador Valadares
Grão Mogol
Grupiara
Guanhães
Guapé
Guaraciaba (Minas Gerais)
Guaraciama
Guaranésia
Guarani
Guarará
Guarda-Mor
Guaxupé
Guidoval
Guimarânia
Guiricema
Gurinhatã
Heliodora
Iapu
Ibertioga
Ibiá
Ibiaí
Ibiracatu
Ibiraci
Ibirité
Ibitiúra de Minas
Ibituruna
Icaraí de Minas
Igarapé
Igaratinga
Iguatama
Ijaci
Ilicínea
Imbé de Minas
Inconfidentes
Indaiabira
Indianópolis (Minas Gerais)
Ingaí
Inhapim
Inhaúma
Inimutaba
Ipaba
Ipanema
Ipatinga
Ipiaçu
Ipuiúna
Iraí de Minas
Itabira
Itabirinha
Itabirito
Itacambira
Itacarambi
Itaguara
Itaipé
Itajubá
Itamarandiba
Itamarati de Minas
Itambacuri
Itambé do Mato Dentro
Itamogi
Itamonte
Itanhandu
Itanhomi
Itaobim
Itapagipe
Itapecerica
Itapeva (Minas Gerais)
Itatiaiuçu
Itaú de Minas
Itaúna
Itaverava
Itinga
Itueta
Ituiutaba
Itumirim
Iturama
Itutinga
Jaboticatubas
Jacinto
Jacuí
Jacutinga (Minas Gerais)
Jaguaraçu
Jaíba
Jampruca
Janaúba
Januária
Japaraíba
Japonvar
Jeceaba
Jenipapo de Minas
Jequeri
Jequitaí
Jequitibá
Jequitinhonha
Jesuânia
Joaíma
Joanésia
João Monlevade
João Pinheiro
Joaquim Felício
Jordânia
José Gonçalves de Minas
José Raydan
Josenópolis
Nova União (Minas Gerais)
Juatuba
Juiz de Fora
Juramento
Juruaia
Juvenília
Ladainha
Lagamar
Lagoa da Prata
Lagoa dos Patos
Lagoa Dourada
Lagoa Formosa
Lagoa Grande (Minas Gerais)
Lagoa Santa (Minas Gerais)
Lajinha
Lambari
Lamim
Laranjal (Minas Gerais)
Lassance
Lavras
Leandro Ferreira
Leme do Prado
Leopoldina
Liberdade
Lima Duarte
Limeira do Oeste
Lontra
Luisburgo
Luislândia
Luminárias
Luz
Machacalis
Machado
Madre de Deus de Minas
Malacacheta
Mamonas
Manga
Manhuaçu
Manhumirim
Mantena
Maravilhas
Mar de Espanha
Maria da Fé
Mariana
Marilac
Mário Campos
Maripá de Minas
Marliéria
Marmelópolis
Martinho Campos
Martins Soares
Mata Verde
Materlândia
Mateus Leme
Matias Barbosa
Matias Cardoso
Matipó
Mato Verde
Matozinhos
Matutina
Medeiros
Medina
Mendes Pimentel
Mercês
Mesquita (Minas Gerais)
Minas Novas
Minduri
Mirabela
Miradouro
Miraí
Miravânia
Moeda
Moema
Monjolos
Monsenhor Paulo
Montalvânia
Monte Alegre de Minas
Monte Azul
Monte Belo
Monte Carmelo
Monte Formoso
Monte Santo de Minas
Montes Claros
Monte Sião
Montezuma
Morada Nova de Minas
Morro da Garça
Morro do Pilar
Munhoz
Muriaé
Mutum
Muzambinho
Nacip Raydan
Nanuque
Naque
Natalândia
Natércia
Nazareno
Nepomuceno
Ninheira
Nova Belém
Nova Era
Nova Lima
Nova Módica
Nova Ponte
Nova Porteirinha
Nova Resende
Nova Serrana
Novo Cruzeiro
Novo Oriente de Minas
Novorizonte
Olaria
Olhos-d'Água
Olímpio Noronha
Oliveira
Oliveira Fortes
Onça de Pitangui
Oratórios
Orizânia
Ouro Branco (Minas Gerais)
Ouro Fino
Ouro Preto
Ouro Verde de Minas
Padre Carvalho
Padre Paraíso
Paineiras
Pains
Pai Pedro
Paiva
Palma
Palmópolis
Papagaios
Paracatu
Pará de Minas
Paraguaçu
Paraisópolis
Paraopeba
Passabém
Passa Quatro
Passa Tempo
Passa Vinte
Passos
Patis
Patos de Minas
Patrocínio
Patrocínio do Muriaé
Paula Cândido
Paulistas
Pavão
Peçanha
Pedra Azul
Pedra Bonita
Pedra do Anta
Pedra do Indaiá
Pedra Dourada
Pedralva
Pedras de Maria da Cruz
Pedrinópolis
Pedro Leopoldo
Pedro Teixeira
Pequeri
Pequi
Perdigão
Perdizes
Perdões
Periquito
Pescador
Piau
Piedade de Caratinga
Piedade de Ponte Nova
Piedade do Rio Grande
Piedade dos Gerais
Pimenta
Pingo-d'Água
Pintópolis
Piracema
Pirajuba
Piranga
Piranguçu
Piranguinho
Pirapetinga
Pirapora
Piraúba
Pitangui
Piumhi
Planura
Poço Fundo
Poços de Caldas
Pocrane
Pompéu
Ponte Nova
Ponto Chique
Ponto dos Volantes
Porteirinha
Porto Firme
Poté
Pouso Alegre
Pouso Alto
Prados
Prata (Minas Gerais)
Pratápolis
Pratinha
Presidente Bernardes (Minas Gerais)
Presidente Juscelino (Minas Gerais)
Presidente Kubitschek
Presidente Olegário
Alto Jequitibá
Prudente de Morais
Quartel Geral
Queluzito
Raposos
Raul Soares
Recreio
Reduto
Resende Costa
Resplendor
Ressaquinha
Riachinho (Minas Gerais)
Riacho dos Machados
Ribeirão das Neves
Ribeirão Vermelho
Rio Acima
Rio Casca
Rio Doce
Rio do Prado
Rio Espera
Rio Manso
Rio Novo
Rio Paranaíba
Rio Pardo de Minas
Rio Piracicaba
Rio Pomba
Rio Preto
Rio Vermelho
Ritápolis
Rochedo de Minas
Rodeiro
Romaria
Rosário da Limeira
Rubelita
Rubim
Sabará
Sabinópolis
Sacramento
Salinas
Salto da Divisa
Santa Bárbara (Minas Gerais)
Santa Bárbara do Leste
Santa Bárbara do Monte Verde
Santa Bárbara do Tugúrio
Santa Cruz de Minas
Santa Cruz de Salinas
Santa Cruz do Escalvado
Santa Efigênia de Minas
Santa Fé de Minas
Santa Helena de Minas
Santa Juliana
Santa Luzia (Minas Gerais)
Santa Margarida
Santa Maria de Itabira
Santa Maria do Salto
Santa Maria do Suaçuí
Santana da Vargem
Santana de Cataguases
Santana de Pirapama
Santana do Deserto
Santana do Garambéu
Santana do Jacaré
Santana do Manhuaçu
Santana do Paraíso
Santana do Riacho
Santana dos Montes
Santa Rita de Caldas
Santa Rita de Jacutinga
Santa Rita de Minas
Santa Rita de Ibitipoca
Santa Rita do Itueto
Santa Rita do Sapucaí
Santa Rosa da Serra
Santa Vitória
Santo Antônio do Amparo
Santo Antônio do Aventureiro
Santo Antônio do Grama
Santo Antônio do Itambé
Santo Antônio do Jacinto
Santo Antônio do Monte
Santo Antônio do Retiro
Santo Antônio do Rio Abaixo
Santo Hipólito
Santos Dumont
São Bento Abade
São Brás do Suaçuí
São Domingos das Dores
São Domingos do Prata
São Félix de Minas
São Francisco (Minas Gerais)
São Francisco de Paula (Minas Gerais)
São Francisco de Sales
São Francisco do Glória
São Geraldo
São Geraldo da Piedade
São Geraldo do Baixio
São Gonçalo do Abaeté
São Gonçalo do Pará
São Gonçalo do Rio Abaixo
São Gonçalo do Sapucaí
São Gotardo
São João Batista do Glória
São João da Lagoa
São João da Mata
São João da Ponte
São João das Missões
São João del Rei
São João do Manhuaçu
São João do Manteninha
São João do Oriente
São João do Pacuí
São João do Paraíso (Minas Gerais)
São João Evangelista
São João Nepomuceno
São Joaquim de Bicas
São José da Barra
São José da Lapa
São José da Safira
São José da Varginha
São José do Alegre
São José do Divino (Minas Gerais)
São José do Goiabal
São José do Jacuri
São José do Mantimento
São Lourenço
São Miguel do Anta
São Pedro da União
São Pedro dos Ferros
São Pedro do Suaçuí
São Romão
São Roque de Minas
São Sebastião da Bela Vista
São Sebastião da Vargem Alegre
São Sebastião do Anta
São Sebastião do Maranhão
São Sebastião do Oeste
São Sebastião do Paraíso
São Sebastião do Rio Preto
São Sebastião do Rio Verde
São Tiago
São Tomás de Aquino
São Tomé das Letras
São Vicente de Minas
Sapucaí-Mirim
Sardoá
Sarzedo
Setubinha
Sem-Peixe
Senador Amaral
Senador Cortes
Senador Firmino
Senador José Bento
Senador Modestino Gonçalves
Senhora de Oliveira
Senhora do Porto
Senhora dos Remédios
Sericita
Seritinga
Serra Azul de Minas
Serra da Saudade
Serra dos Aimorés
Serra do Salitre
Serrania
Serranópolis de Minas
Serranos
Serro
Sete Lagoas
Silveirânia
Silvianópolis
Simão Pereira
Simonésia
Sobrália
Soledade de Minas
Tabuleiro
Taiobeiras
Taparuba
Tapira (Minas Gerais)
Tapiraí (Minas Gerais)
Taquaraçu de Minas
Tarumirim
Teixeiras
Teófilo Otoni
Timóteo
Tiradentes
Tiros
Tocantins
Tocos do Moji
Toledo (Minas Gerais)
Tombos
Três Corações
Três Marias
Três Pontas
Tumiritinga
Tupaciguara
Turmalina (Minas Gerais)
Turvolândia
Ubá
Ubaí
Ubaporanga
Uberaba
Uberlândia
Umburatiba
Unaí
União de Minas
Uruana de Minas
Urucânia
Urucuia
Vargem Alegre
Vargem Bonita (Minas Gerais)
Vargem Grande do Rio Pardo
Varginha
Varjão de Minas
Várzea da Palma
Varzelândia
Vazante
Verdelândia
Veredinha
Veríssimo
Vermelho Novo
Vespasiano
Viçosa (Minas Gerais)
Vieiras
Mathias Lobato
Virgem da Lapa
Virgínia
Virginópolis
Virgolândia
Visconde do Rio Branco
Volta Grande
Wenceslau Braz (Minas Gerais)
Afonso Cláudio
Águia Branca
Água Doce do Norte
Alegre
Alfredo Chaves
Alto Rio Novo
Anchieta (Espírito Santo)
Apiacá
Aracruz
Atílio Vivácqua
Baixo Guandu
Barra de São Francisco
Boa Esperança (Espírito Santo)
Bom Jesus do Norte
Brejetuba
Cachoeiro de Itapemirim
Cariacica
Castelo
Colatina
Conceição da Barra
Conceição do Castelo
Divino de São Lourenço
Domingos Martins
Dores do Rio Preto
Ecoporanga
Fundão
Governador Lindenberg
Guaçuí
Guarapari
Ibatiba
Ibiraçu
Ibitirama
Iconha
Irupi
Itaguaçu
Itapemirim
Itarana
Iúna
Jaguaré
Jerônimo Monteiro
João Neiva
Laranja da Terra
Linhares
Mantenópolis
Marataízes
Marechal Floriano
Marilândia
Mimoso do Sul
Montanha
Mucurici
Muniz Freire
Muqui
Nova Venécia
Pancas
Pedro Canário
Pinheiros
Piúma
Ponto Belo
Presidente Kennedy (Espírito Santo)
Rio Bananal
Rio Novo do Sul
Santa Leopoldina
Santa Maria de Jetibá
Santa Teresa
São Domingos do Norte
São Gabriel da Palha
São José do Calçado
São Mateus
São Roque do Canaã
Serra
Sooretama
Vargem Alta
Venda Nova do Imigrante
Viana (Espírito Santo)
Vila Pavão
Vila Valério
Vila Velha
Vitória
Angra dos Reis
Aperibé
Araruama
Areal
Armação dos Búzios
Arraial do Cabo
Barra do Piraí
Barra Mansa
Belford Roxo
Bom Jardim (Rio de Janeiro)
Bom Jesus do Itabapoana
Cabo Frio
Cachoeiras de Macacu
Cambuci
Carapebus
Comendador Levy Gasparian
Campos dos Goytacazes
Cantagalo (Rio de Janeiro)
Cardoso Moreira
Carmo
Casimiro de Abreu
Conceição de Macabu
Cordeiro
Duas Barras
Duque de Caxias
Engenheiro Paulo de Frontin
Guapimirim
Iguaba Grande
Itaboraí
Itaguaí
Italva
Itaocara
Itaperuna
Itatiaia
Japeri
Laje do Muriaé
Macaé
Macuco
Magé
Mangaratiba
Maricá
Mendes
Mesquita (Rio de Janeiro)
Miguel Pereira
Miracema
Natividade (Rio de Janeiro)
Nilópolis
Niterói
Nova Friburgo
Nova Iguaçu
Paracambi
Paraíba do Sul
Paraty
Paty do Alferes
Petrópolis
Pinheiral
Piraí
Porciúncula
Porto Real
Quatis
Queimados
Quissamã
Resende
Rio Bonito
Rio Claro (Rio de Janeiro)
Rio das Flores
Rio das Ostras
Rio de Janeiro
Santa Maria Madalena
Santo Antônio de Pádua
São Francisco de Itabapoana
São Fidélis
São Gonçalo
São João da Barra
São João de Meriti
São José de Ubá
São José do Vale do Rio Preto
São Pedro da Aldeia
São Sebastião do Alto
Sapucaia (Rio de Janeiro)
Saquarema
Seropédica
Silva Jardim
Sumidouro
Tanguá
Teresópolis
Trajano de Moraes
Três Rios
Valença (Rio de Janeiro)
Varre-Sai
Vassouras
Volta Redonda
Adamantina
Adolfo
Aguaí
Águas da Prata
Águas de Lindóia
Águas de Santa Bárbara
Águas de São Pedro
Agudos
Alambari
Alfredo Marcondes
Altair
Altinópolis
Alto Alegre (São Paulo)
Alumínio
Álvares Florence
Álvares Machado
Álvaro de Carvalho
Alvinlândia
Americana
Américo Brasiliense
Américo de Campos
Amparo (São Paulo)
Analândia
Andradina
Angatuba
Anhembi
Anhumas
Aparecida (São Paulo)
Aparecida D'Oeste
Apiaí
Araçariguama
Araçatuba
Araçoiaba da Serra
Aramina
Arandu
Arapeí
Araraquara
Araras
Arco-Íris
Arealva
Areias
Areiópolis
Ariranha
Artur Nogueira
Arujá
Aspásia
Assis
Atibaia
Auriflama
Avaí
Avanhandava
Avaré
Bady Bassitt
Balbinos
Bálsamo
Bananal
Barão de Antonina
Barbosa
Bariri
Barra Bonita (São Paulo)
Barra do Chapéu
Barra do Turvo
Barretos
Barrinha
Barueri
Bastos
Batatais
Bauru
Bebedouro
Bento de Abreu
Bernardino de Campos
Bertioga
Bilac
Birigui
Biritiba Mirim
Boa Esperança do Sul
Bocaina (São Paulo)
Bofete
Boituva
Bom Jesus dos Perdões
Bom Sucesso de Itararé
Borá
Boracéia
Borborema (São Paulo)
Borebi
Botucatu
Bragança Paulista
Braúna
Brejo Alegre
Brodowski
Brotas
Buri
Buritama
Buritizal
Cabrália Paulista
Cabreúva
Caçapava
Cachoeira Paulista
Caconde
Cafelândia (São Paulo)
Caiabu
Caieiras
Caiuá
Cajamar
Cajati
Cajobi
Cajuru
Campina do Monte Alegre
Campinas
Campo Limpo Paulista
Campos do Jordão
Campos Novos Paulista
Cananéia
Canas
Cândido Mota
Cândido Rodrigues
Canitar
Capão Bonito
Capela do Alto
Capivari
Caraguatatuba
Carapicuíba
Cardoso
Casa Branca
Cássia dos Coqueiros
Castilho
Catanduva
Catiguá
Cedral (São Paulo)
Cerqueira César
Cerquilho
Cesário Lange
Charqueada
Clementina
Colina
Colômbia
Conchal
Conchas
Cordeirópolis
Coroados
Coronel Macedo
Corumbataí
Cosmópolis
Cosmorama
Cotia
Cravinhos
Cristais Paulista
Cruzália
Cruzeiro
Cubatão
Cunha
Descalvado
Diadema
Dirce Reis
Divinolândia
Dobrada
Dois Córregos
Dolcinópolis
Dourado
Dracena
Duartina
Dumont
Echaporã
Eldorado (São Paulo)
Elias Fausto
Elisiário
Embaúba
Embu das Artes
Embu-Guaçu
Emilianópolis
Engenheiro Coelho
Espírito Santo do Pinhal
Espírito Santo do Turvo
Estrela D'Oeste
Estrela do Norte (São Paulo)
Euclides da Cunha Paulista
Fartura
Fernandópolis
Fernando Prestes
Fernão
Ferraz de Vasconcelos
Flora Rica
Floreal
Flórida Paulista
Florínea
Franca
Francisco Morato
Franco da Rocha
Gabriel Monteiro
Gália
Garça
Gastão Vidigal
Gavião Peixoto
General Salgado
Getulina
Glicério
Guaiçara
Guaimbê
Guaíra (São Paulo)
Guapiaçu
Guapiara
Guará
Guaraçaí
Guaraci (São Paulo)
Guarani D'Oeste
Guarantã
Guararapes
Guararema
Guaratinguetá
Guareí
Guariba
Guarujá
Guarulhos
Guatapará
Guzolândia
Herculândia
Holambra
Hortolândia
Iacanga
Iacri
Iaras
Ibaté
Ibirá
Ibirarema
Ibitinga
Ibiúna
Icém
Iepê
Igaraçu do Tietê
Igarapava
Igaratá
Iguape
Ilhabela
Ilha Comprida
Ilha Solteira
Indaiatuba
Indiana
Indiaporã
Inúbia Paulista
Ipaussu
Iperó
Ipeúna
Ipiguá
Iporanga
Ipuã
Iracemápolis
Irapuã
Irapuru
Itaberá
Itaí
Itajobi
Itaju
Itanhaém
Itaoca
Itapecerica da Serra
Itapetininga
Itapeva (São Paulo)
Itapevi
Itapira
Itapirapuã Paulista
Itápolis
Itaporanga (São Paulo)
Itapuí
Itapura
Itaquaquecetuba
Itararé
Itariri
Itatiba
Itatinga
Itirapina
Itirapuã
Itobi
Itu
Itupeva
Ituverava
Jaborandi (São Paulo)
Jaboticabal
Jacareí
Jaci
Jacupiranga
Jaguariúna
Jales
Jambeiro
Jandira
Jardinópolis (São Paulo)
Jarinu
Jaú
Jeriquara
Joanópolis
João Ramalho
José Bonifácio
Júlio Mesquita
Jumirim
Jundiaí
Junqueirópolis
Juquiá
Juquitiba
Lagoinha
Laranjal Paulista
Lavínia
Lavrinhas
Leme
Lençóis Paulista
Limeira
Lindóia
Lins
Lorena
Lourdes
Louveira
Lucélia
Lucianópolis
Luís Antônio
Luiziânia
Lupércio
Lutécia
Macatuba
Macaubal
Macedônia
Magda
Mairinque
Mairiporã
Manduri
Marabá Paulista
Maracaí
Marapoama
Mariápolis
Marília
Marinópolis
Martinópolis
Matão
Mauá
Mendonça
Meridiano
Mesópolis
Miguelópolis
Mineiros do Tietê
Miracatu
Mira Estrela
Mirandópolis
Mirante do Paranapanema
Mirassol
Mirassolândia
Mococa
Mogi das Cruzes
Mogi Guaçu
Mogi Mirim
Mombuca
Monções
Mongaguá
Monte Alegre do Sul
Monte Alto
Monte Aprazível
Monte Azul Paulista
Monte Castelo (São Paulo)
Monteiro Lobato
Monte Mor
Morro Agudo
Morungaba
Motuca
Murutinga do Sul
Nantes
Narandiba
Natividade da Serra
Nazaré Paulista
Neves Paulista
Nhandeara
Nipoã
Nova Aliança
Nova Campina
Nova Canaã Paulista
Nova Castilho
Nova Europa
Nova Granada
Nova Guataporanga
Nova Independência
Novais
Nova Luzitânia
Nova Odessa
Novo Horizonte (São Paulo)
Nuporanga
Ocauçu
Óleo
Olímpia
Onda Verde
Oriente
Orindiúva
Orlândia
Osasco
Oscar Bressane
Osvaldo Cruz
Ourinhos
Ouroeste
Ouro Verde (São Paulo)
Pacaembu
Palestina (São Paulo)
Palmares Paulista
Palmeira D'Oeste
Palmital (São Paulo)
Panorama
Paraguaçu Paulista
Paraibuna
Paraíso (São Paulo)
Paranapanema
Paranapuã
Parapuã
Pardinho
Pariquera-Açu
Parisi
Patrocínio Paulista
Paulicéia
Paulínia
Paulistânia
Paulo de Faria
Pederneiras
Pedra Bela
Pedranópolis
Pedregulho
Pedreira
Pedrinhas Paulista
Pedro de Toledo
Penápolis
Pereira Barreto
Pereiras
Peruíbe
Piacatu
Piedade
Pilar do Sul
Pindamonhangaba
Pindorama
Pinhalzinho (São Paulo)
Piquerobi
Piquete
Piracaia
Piracicaba
Piraju
Pirajuí
Pirangi
Pirapora do Bom Jesus
Pirapozinho
Pirassununga
Piratininga
Pitangueiras (São Paulo)
Planalto (São Paulo)
Platina
Poá
Poloni
Pompéia
Pongaí
Pontal
Pontalinda
Pontes Gestal
Populina
Porangaba
Porto Feliz
Porto Ferreira
Potim
Potirendaba
Pracinha
Pradópolis
Praia Grande (São Paulo)
Pratânia
Presidente Alves
Presidente Bernardes (São Paulo)
Presidente Epitácio
Presidente Prudente
Presidente Venceslau
Promissão
Quadra
Quatá
Queiroz
Queluz
Quintana
Rafard
Rancharia
Redenção da Serra
Regente Feijó
Reginópolis
Registro
Restinga
Ribeira
Ribeirão Bonito
Ribeirão Branco
Ribeirão Corrente
Ribeirão do Sul
Ribeirão dos Índios
Ribeirão Grande
Ribeirão Pires
Ribeirão Preto
Riversul
Rifaina
Rincão
Rinópolis
Rio Claro (São Paulo)
Rio das Pedras
Rio Grande da Serra
Riolândia
Rosana
Roseira
Rubiácea
Rubinéia
Sabino
Sagres
Sales
Sales Oliveira
Salesópolis
Salmourão
Saltinho (São Paulo)
Salto
Salto de Pirapora
Salto Grande
Sandovalina
Santa Adélia
Santa Albertina
Santa Bárbara D'Oeste
Santa Branca
Santa Clara D'Oeste
Santa Cruz da Conceição
Santa Cruz da Esperança
Santa Cruz das Palmeiras
Santa Cruz do Rio Pardo
Santa Ernestina
Santa Fé do Sul
Santa Gertrudes
Santa Isabel (São Paulo)
Santa Lúcia (São Paulo)
Santa Maria da Serra
Santa Mercedes
Santana da Ponte Pensa
Santana de Parnaíba
Santa Rita D'Oeste
Santa Rita do Passa Quatro
Santa Rosa de Viterbo
Santa Salete
Santo Anastácio
Santo André (São Paulo)
Santo Antônio da Alegria
Santo Antônio de Posse
Santo Antônio do Aracanguá
Santo Antônio do Jardim
Santo Antônio do Pinhal
Santo Expedito
Santópolis do Aguapeí
Santos
São Bento do Sapucaí
São Bernardo do Campo
São Caetano do Sul
São Carlos (São Paulo)
São Francisco (São Paulo)
São João da Boa Vista
São João das Duas Pontes
São João de Iracema
São João do Pau D'alho
São Joaquim da Barra
São José da Bela Vista
São José do Barreiro
São José do Rio Pardo
São José do Rio Preto
São José dos Campos
São Lourenço da Serra
São Luiz do Paraitinga
São Manuel
São Miguel Arcanjo
São Paulo
São Pedro (São Paulo)
São Pedro do Turvo
São Roque
São Sebastião (São Paulo)
São Sebastião da Grama
São Simão (São Paulo)
São Vicente (São Paulo)
Sarapuí
Sarutaiá
Sebastianópolis do Sul
Serra Azul
Serrana
Serra Negra
Sertãozinho (São Paulo)
Sete Barras
Severínia
Silveiras
Socorro
Sorocaba
Sud Mennucci
Sumaré
Suzano
Suzanápolis
Tabapuã
Tabatinga (São Paulo)
Taboão da Serra
Taciba
Taguaí
Taiaçu
Taiúva
Tambaú
Tanabi
Tapiraí (São Paulo)
Tapiratiba
Taquaral
Taquaritinga
Taquarituba
Taquarivaí
Tarabai
Tarumã
Tatuí
Taubaté
Tejupá
Teodoro Sampaio (São Paulo)
Terra Roxa (São Paulo)
Tietê
Timburi
Torre de Pedra
Torrinha
Trabiju
Tremembé
Três Fronteiras
Tuiuti
Tupã
Tupi Paulista
Turiúba
Turmalina (São Paulo)
Ubarana
Ubatuba
Ubirajara
Uchoa
União Paulista
Urânia
Uru
Urupês
Valentim Gentil
Valinhos
Valparaíso
Vargem (São Paulo)
Vargem Grande do Sul
Vargem Grande Paulista
Várzea Paulista
Vera Cruz (São Paulo)
Vinhedo
Viradouro
Vista Alegre do Alto
Vitória Brasil
Votorantim
Votuporanga
Zacarias
Chavantes
Estiva Gerbi
Abatiá
Adrianópolis
Agudos do Sul
Almirante Tamandaré
Altamira do Paraná
Altônia
Alto Paraná
Alto Piquiri
Alvorada do Sul
Amaporã
Ampére
Anahy
Andirá
Ângulo
Antonina
Antônio Olinto
Apucarana
Arapongas
Arapoti
Arapuã (Paraná)
Araruna (Paraná)
Araucária
Ariranha do Ivaí
Assaí
Assis Chateaubriand
Astorga
Atalaia (Paraná)
Balsa Nova
Bandeirantes (Paraná)
Barbosa Ferraz
Barracão (Paraná)
Barra do Jacaré
Bela Vista da Caroba
Bela Vista do Paraíso
Bituruna
Boa Esperança (Paraná)
Boa Esperança do Iguaçu
Boa Ventura de São Roque
Boa Vista da Aparecida
Bocaiúva do Sul
Bom Jesus do Sul
Bom Sucesso (Paraná)
Bom Sucesso do Sul
Borrazópolis
Braganey
Brasilândia do Sul
Cafeara
Cafelândia (Paraná)
Cafezal do Sul
Califórnia
Cambará
Cambé
Cambira
Campina da Lagoa
Campina do Simão
Campina Grande do Sul
Campo Bonito
Campo do Tenente
Campo Largo
Campo Magro
Campo Mourão
Cândido de Abreu
Candói
Cantagalo (Paraná)
Capanema (Paraná)
Capitão Leônidas Marques
Carambeí
Carlópolis
Cascavel (Paraná)
Castro
Catanduvas (Paraná)
Centenário do Sul
Cerro Azul
Céu Azul
Chopinzinho
Cianorte
Cidade Gaúcha
Clevelândia
Colombo
Colorado (Paraná)
Congonhinhas
Conselheiro Mairinck
Contenda
Corbélia
Cornélio Procópio
Coronel Domingos Soares
Coronel Vivida
Corumbataí do Sul
Cruzeiro do Iguaçu
Cruzeiro do Oeste
Cruzeiro do Sul (Paraná)
Cruz Machado
Cruzmaltina
Curitiba
Curiúva
Diamante do Norte
Diamante do Sul
Diamante D'Oeste
Dois Vizinhos
Douradina (Paraná)
Doutor Camargo
Enéas Marques
Engenheiro Beltrão
Esperança Nova
Entre Rios do Oeste
Espigão Alto do Iguaçu
Farol
Faxinal
Fazenda Rio Grande
Fênix
Fernandes Pinheiro
Figueira
Floraí
Flor da Serra do Sul
Floresta (Paraná)
Florestópolis
Flórida
Formosa do Oeste
Foz do Iguaçu
Francisco Alves
Francisco Beltrão
Foz do Jordão
General Carneiro (Paraná)
Godoy Moreira
Goioerê
Goioxim
Grandes Rios
Guaíra (Paraná)
Guairaçá
Guamiranga
Guapirama
Guaporema
Guaraci (Paraná)
Guaraniaçu
Guarapuava
Guaraqueçaba
Guaratuba
Honório Serpa
Ibaiti
Ibema
Ibiporã
Icaraíma
Iguaraçu
Iguatu (Paraná)
Imbaú
Imbituva
Inácio Martins
Inajá (Paraná)
Indianópolis (Paraná)
Ipiranga
Iporã (Paraná)
Iracema do Oeste
Irati (Paraná)
Iretama
Itaguajé
Itaipulândia
Itambaracá
Itambé (Paraná)
Itapejara D'Oeste
Itaperuçu
Itaúna do Sul
Ivaí
Ivaiporã
Ivaté
Ivatuba
Jaboti
Jacarezinho
Jaguapitã
Jaguariaíva
Jandaia do Sul
Janiópolis
Japira
Japurá (Paraná)
Jardim Alegre
Jardim Olinda
Jataizinho
Jesuítas
Joaquim Távora
Jundiaí do Sul
Juranda
Jussara (Paraná)
Kaloré
Lapa
Laranjal (Paraná)
Laranjeiras do Sul
Leópolis
Lidianópolis
Lindoeste
Loanda
Lobato
Londrina
Luiziana
Lunardelli
Lupionópolis
Mallet
Mamborê
Mandaguaçu
Mandaguari
Mandirituba
Manfrinópolis
Mangueirinha
Manoel Ribas
Marechal Cândido Rondon
Maria Helena
Marialva
Marilândia do Sul
Marilena
Mariluz
Maringá
Mariópolis
Maripá
Marmeleiro
Marquinho
Marumbi
Matelândia
Matinhos
Mato Rico
Mauá da Serra
Medianeira
Mercedes
Mirador (Paraná)
Miraselva
Missal
Moreira Sales
Morretes
Munhoz de Melo
Nossa Senhora das Graças
Nova Aliança do Ivaí
Nova América da Colina
Nova Aurora (Paraná)
Nova Cantu
Nova Esperança
Nova Esperança do Sudoeste
Nova Fátima (Paraná)
Nova Laranjeiras
Nova Londrina
Nova Olímpia (Paraná)
Nova Santa Bárbara
Nova Santa Rosa
Nova Prata do Iguaçu
Nova Tebas
Novo Itacolomi
Ortigueira
Ourizona
Ouro Verde do Oeste
Paiçandu
Palmas (Paraná)
Palmeira (Paraná)
Palmital (Paraná)
Palotina
Paraíso do Norte
Paranacity
Paranaguá
Paranapoema
Paranavaí
Pato Bragado
Pato Branco
Paula Freitas
Paulo Frontin
Peabiru
Perobal
Pérola
Pérola D'Oeste
Piên
Pinhais
Pinhalão
Pinhal de São Bento
Pinhão (Paraná)
Piraí do Sul
Piraquara
Pitanga
Pitangueiras (Paraná)
Planaltina do Paraná
Planalto (Paraná)
Ponta Grossa
Pontal do Paraná
Porecatu
Porto Amazonas
Porto Barreiro
Porto Rico
Porto Vitória
Prado Ferreira
Pranchita
Presidente Castelo Branco
Primeiro de Maio
Prudentópolis
Quarto Centenário
Quatiguá
Quatro Barras
Quatro Pontes
Quedas do Iguaçu
Querência do Norte
Quinta do Sol
Quitandinha
Ramilândia
Rancho Alegre
Rancho Alegre D'Oeste
Realeza
Rebouças
Renascença
Reserva
Reserva do Iguaçu
Ribeirão Claro
Ribeirão do Pinhal
Rio Azul
Rio Bom
Rio Bonito do Iguaçu
Rio Branco do Ivaí
Rio Branco do Sul
Rio Negro (Paraná)
Rolândia
Roncador
Rondon
Rosário do Ivaí
Sabáudia
Salgado Filho
Salto do Itararé
Salto do Lontra
Santa Amélia
Santa Cecília do Pavão
Santa Cruz de Monte Castelo
Santa Fé
Santa Helena (Paraná)
Santa Inês (Paraná)
Santa Isabel do Ivaí
Santa Izabel do Oeste
Santa Lúcia (Paraná)
Santa Maria do Oeste
Santa Mariana
Santa Mônica
Santana do Itararé
Santa Tereza do Oeste
Santa Terezinha de Itaipu
Santo Antônio da Platina
Santo Antônio do Caiuá
Santo Antônio do Paraíso
Santo Antônio do Sudoeste
Santo Inácio
São Carlos do Ivaí
São Jerônimo da Serra
São João (Paraná)
São João do Caiuá
São João do Ivaí
São João do Triunfo
São Jorge D'Oeste
São Jorge do Ivaí
São Jorge do Patrocínio
São José da Boa Vista
São José das Palmeiras
São José dos Pinhais
São Manoel do Paraná
São Mateus do Sul
São Miguel do Iguaçu
São Pedro do Iguaçu
São Pedro do Ivaí
São Pedro do Paraná
São Sebastião da Amoreira
São Tomé (Paraná)
Sapopema
Sarandi (Paraná)
Saudade do Iguaçu
Sengés
Serranópolis do Iguaçu
Sertaneja
Sertanópolis
Siqueira Campos
Sulina
Tamarana
Tamboara
Tapejara (Paraná)
Tapira (Paraná)
Teixeira Soares
Telêmaco Borba
Terra Boa
Terra Rica
Terra Roxa (Paraná)
Tibagi
Tijucas do Sul
Toledo (Paraná)
Tomazina
Três Barras do Paraná
Tunas do Paraná
Tuneiras do Oeste
Tupãssi
Turvo (Paraná)
Ubiratã
Umuarama
União da Vitória
Uniflor
Uraí
Wenceslau Braz (Paraná)
Ventania
Vera Cruz do Oeste
Verê
Alto Paraíso (Paraná)
Doutor Ulysses
Virmond
Vitorino
Xambrê
Abdon Batista
Abelardo Luz
Agrolândia
Agronômica
Água Doce
Águas de Chapecó
Águas Frias
Águas Mornas
Alfredo Wagner
Alto Bela Vista
Anchieta (Santa Catarina)
Angelina
Anita Garibaldi
Anitápolis
Antônio Carlos (Santa Catarina)
Apiúna
Arabutã
Araquari
Araranguá
Armazém
Arroio Trinta
Arvoredo
Ascurra
Atalanta
Aurora (Santa Catarina)
Balneário Arroio do Silva
Balneário Camboriú
Balneário Barra do Sul
Balneário Gaivota
Bandeirante
Barra Bonita (Santa Catarina)
Barra Velha
Bela Vista do Toldo
Belmonte (Santa Catarina)
Benedito Novo
Biguaçu
Blumenau
Bocaina do Sul
Bombinhas
Bom Jardim da Serra
Bom Jesus (Santa Catarina)
Bom Jesus do Oeste
Bom Retiro
Botuverá
Braço do Norte
Braço do Trombudo
Brunópolis
Brusque
Caçador
Caibi
Calmon
Camboriú
Capão Alto
Campo Alegre (Santa Catarina)
Campo Belo do Sul
Campo Erê
Campos Novos
Canelinha
Canoinhas
Capinzal
Capivari de Baixo
Catanduvas (Santa Catarina)
Caxambu do Sul
Celso Ramos
Cerro Negro
Chapadão do Lageado
Chapecó
Cocal do Sul
Concórdia
Cordilheira Alta
Coronel Freitas
Coronel Martins
Corupá
Correia Pinto
Criciúma
Cunha Porã
Cunhataí
Curitibanos
Descanso
Dionísio Cerqueira
Dona Emma
Doutor Pedrinho
Entre Rios (Santa Catarina)
Ermo
Erval Velho
Faxinal dos Guedes
Flor do Sertão
Florianópolis
Formosa do Sul
Forquilhinha
Fraiburgo
Frei Rogério
Galvão
Garopaba
Garuva
Gaspar
Governador Celso Ramos
Grão Pará
Gravatal
Guabiruba
Guaraciaba (Santa Catarina)
Guaramirim
Guarujá do Sul
Guatambú
Herval D'Oeste
Ibiam
Ibicaré
Ibirama
Içara
Ilhota
Imaruí
Imbituba
Imbuia
Indaial
Iomerê
Ipira (Santa Catarina)
Iporã do Oeste
Ipuaçu
Ipumirim
Iraceminha
Irani
Irati (Santa Catarina)
Irineópolis
Itá
Itaiópolis
Itajaí
Itapema
Itapiranga (Santa Catarina)
Itapoá
Ituporanga
Jaborá
Jacinto Machado
Jaguaruna
Jaraguá do Sul
Jardinópolis (Santa Catarina)
Joaçaba
Joinville
José Boiteux
Jupiá
Lacerdópolis
Lages
Laguna
Lajeado Grande
Laurentino
Lauro Müller
Lebon Régis
Leoberto Leal
Lindóia do Sul
Lontras
Luiz Alves
Luzerna
Macieira
Mafra
Major Gercino
Major Vieira
Maracajá
Maravilha (Santa Catarina)
Marema
Massaranduba (Santa Catarina)
Matos Costa
Meleiro
Mirim Doce
Modelo
Mondaí
Monte Carlo
Monte Castelo (Santa Catarina)
Morro da Fumaça
Morro Grande
Navegantes
Nova Erechim
Nova Itaberaba
Nova Trento
Nova Veneza (Santa Catarina)
Novo Horizonte (Santa Catarina)
Orleans
Otacílio Costa
Ouro
Ouro Verde (Santa Catarina)
Paial
Painel
Palhoça
Palma Sola
Palmeira (Santa Catarina)
Palmitos
Papanduva
Paraíso (Santa Catarina)
Passo de Torres
Passos Maia
Paulo Lopes
Pedras Grandes
Penha
Peritiba
Pescaria Brava
Petrolândia (Santa Catarina)
Balneário Piçarras
Pinhalzinho (Santa Catarina)
Pinheiro Preto
Piratuba
Planalto Alegre
Pomerode
Ponte Alta
Ponte Alta do Norte
Ponte Serrada
Porto Belo
Porto União
Pouso Redondo
Praia Grande (Santa Catarina)
Presidente Castello Branco
Presidente Getúlio
Presidente Nereu
Princesa
Quilombo
Rancho Queimado
Rio das Antas
Rio do Campo
Rio do Oeste
Rio dos Cedros
Rio do Sul
Rio Fortuna
Rio Negrinho
Rio Rufino
Riqueza
Rodeio
Romelândia
Salete
Saltinho (Santa Catarina)
Salto Veloso
Sangão
Santa Cecília (Santa Catarina)
Santa Helena (Santa Catarina)
Santa Rosa de Lima (Santa Catarina)
Santa Rosa do Sul
Santa Terezinha (Santa Catarina)
Santa Terezinha do Progresso
Santiago do Sul
Santo Amaro da Imperatriz
São Bernardino
São Bento do Sul
São Bonifácio
São Carlos (Santa Catarina)
São Cristóvão do Sul
São Domingos (Santa Catarina)
São Francisco do Sul
São João do Oeste
São João Batista (Santa Catarina)
São João do Itaperiú
São João do Sul
São Joaquim
São José
São José do Cedro
São José do Cerrito
São Lourenço do Oeste
São Ludgero
São Martinho (Santa Catarina)
São Miguel da Boa Vista
São Miguel do Oeste
São Pedro de Alcântara
Saudades
Schroeder
Seara
Serra Alta
Siderópolis
Sombrio
Sul Brasil
Taió
Tangará (Santa Catarina)
Tigrinhos
Tijucas
Timbé do Sul
Timbó
Timbó Grande
Três Barras
Treviso
Treze de Maio
Treze Tílias
Trombudo Central
Tubarão
Tunápolis
Turvo (Santa Catarina)
União do Oeste
Urubici
Urupema
Urussanga
Vargeão
Vargem (Santa Catarina)
Vargem Bonita (Santa Catarina)
Vidal Ramos
Videira
Vitor Meireles
Witmarsum
Xanxerê
Xavantina
Xaxim
Zortéa
Balneário Rincão
Aceguá
Água Santa
Agudo
Ajuricaba
Alecrim
Alegrete
Alegria
Almirante Tamandaré do Sul
Alpestre
Alto Alegre (Rio Grande do Sul)
Alto Feliz
Alvorada (Rio Grande do Sul)
Amaral Ferrador
Ametista do Sul
André da Rocha
Anta Gorda
Antônio Prado
Arambaré
Araricá
Aratiba
Arroio do Meio
Arroio do Sal
Arroio do Padre
Arroio dos Ratos
Arroio do Tigre
Arroio Grande
Arvorezinha
Augusto Pestana
Áurea
Bagé
Balneário Pinhal
Barão
Barão de Cotegipe
Barão do Triunfo
Barracão (Rio Grande do Sul)
Barra do Guarita
Barra do Quaraí
Barra do Ribeiro
Barra do Rio Azul
Barra Funda
Barros Cassal
Benjamin Constant do Sul
Bento Gonçalves
Boa Vista das Missões
Boa Vista do Buricá
Boa Vista do Cadeado
Boa Vista do Incra
Boa Vista do Sul
Bom Jesus (Rio Grande do Sul)
Bom Princípio
Bom Progresso
Bom Retiro do Sul
Boqueirão do Leão
Bossoroca
Bozano
Braga
Brochier
Butiá
Caçapava do Sul
Cacequi
Cachoeira do Sul
Cachoeirinha (Rio Grande do Sul)
Cacique Doble
Caibaté
Caiçara (Rio Grande do Sul)
Camaquã
Camargo
Cambará do Sul
Campestre da Serra
Campina das Missões
Campinas do Sul
Campo Bom
Campo Novo
Campos Borges
Candelária
Cândido Godói
Candiota
Canela
Canguçu
Canoas
Canudos do Vale
Capão Bonito do Sul
Capão da Canoa
Capão do Cipó
Capão do Leão
Capivari do Sul
Capela de Santana
Capitão
Carazinho
Caraá
Carlos Barbosa
Carlos Gomes
Casca
Caseiros
Catuípe
Caxias do Sul
Centenário (Rio Grande do Sul)
Cerrito
Cerro Branco
Cerro Grande
Cerro Grande do Sul
Cerro Largo
Chapada
Charqueadas
Charrua
Chiapetta
Chuí
Chuvisca
Cidreira
Ciríaco
Colinas (Rio Grande do Sul)
Colorado (Rio Grande do Sul)
Condor
Constantina
Coqueiro Baixo
Coqueiros do Sul
Coronel Barros
Coronel Bicaco
Coronel Pilar
Cotiporã
Coxilha
Crissiumal
Cristal
Cristal do Sul
Cruz Alta
Cruzaltense
Cruzeiro do Sul (Rio Grande do Sul)
David Canabarro
Derrubadas
Dezesseis de Novembro
Dilermando de Aguiar
Dois Irmãos
Dois Irmãos das Missões
Dois Lajeados
Dom Feliciano
Dom Pedro de Alcântara
Dom Pedrito
Dona Francisca
Doutor Maurício Cardoso
Doutor Ricardo
Eldorado do Sul
Encantado
Encruzilhada do Sul
Engenho Velho
Entre-Ijuís
Entre Rios do Sul
Erebango
Erechim
Ernestina
Herval
Erval Grande
Erval Seco
Esmeralda
Esperança do Sul
Espumoso
Estação
Estância Velha
Esteio
Estrela
Estrela Velha
Eugênio de Castro
Fagundes Varela
Farroupilha
Faxinal do Soturno
Faxinalzinho
Fazenda Vilanova
Feliz
Flores da Cunha
Floriano Peixoto
Fontoura Xavier
Formigueiro
Forquetinha
Fortaleza dos Valos
Frederico Westphalen
Garibaldi
Garruchos
Gaurama
General Câmara
Gentil
Getúlio Vargas
Giruá
Glorinha
Gramado
Gramado dos Loureiros
Gramado Xavier
Gravataí
Guabiju
Guaíba
Guaporé
Guarani das Missões
Harmonia
Herveiras
Horizontina
Hulha Negra
Humaitá (Rio Grande do Sul)
Ibarama
Ibiaçá
Ibiraiaras
Ibirapuitã
Ibirubá
Igrejinha
Ijuí
Ilópolis
Imbé
Imigrante
Independência (Rio Grande do Sul)
Inhacorá
Ipê
Ipiranga do Sul
Iraí
Itaara
Itacurubi
Itapuca
Itaqui
Itati
Itatiba do Sul
Ivorá
Ivoti
Jaboticaba
Jacuizinho
Jacutinga (Rio Grande do Sul)
Jaguarão
Jaguari
Jaquirana
Jari
Jóia
Júlio de Castilhos
Lagoa Bonita do Sul
Lagoão
Lagoa dos Três Cantos
Lagoa Vermelha
Lajeado (Rio Grande do Sul)
Lajeado do Bugre
Lavras do Sul
Liberato Salzano
Lindolfo Collor
Linha Nova
Machadinho
Maçambará
Mampituba
Manoel Viana
Maquiné
Maratá
Marau (Rio Grande do Sul)
Marcelino Ramos
Mariana Pimentel
Mariano Moro
Marques de Souza
Mata
Mato Castelhano
Mato Leitão
Mato Queimado
Maximiliano de Almeida
Minas do Leão
Miraguaí
Montauri
Monte Alegre dos Campos
Monte Belo do Sul
Montenegro
Mormaço
Morrinhos do Sul
Morro Redondo
Morro Reuter
Mostardas
Muçum
Muitos Capões
Muliterno
Não-Me-Toque
Nicolau Vergueiro
Nonoai
Nova Alvorada
Nova Araçá
Nova Bassano
Nova Boa Vista
Nova Bréscia
Nova Candelária
Nova Esperança do Sul
Nova Hartz
Nova Pádua
Nova Palma
Nova Petrópolis
Nova Prata
Nova Ramada
Nova Roma do Sul
Nova Santa Rita (Rio Grande do Sul)
Novo Cabrais
Novo Hamburgo
Novo Machado
Novo Tiradentes
Novo Xingu
Novo Barreiro
Osório
Paim Filho
Palmares do Sul
Palmeira das Missões
Palmitinho
Panambi
Pantano Grande
Paraí
Paraíso do Sul
Pareci Novo
Parobé
Passa Sete
Passo do Sobrado
Passo Fundo
Paulo Bento
Paverama
Pedras Altas
Pedro Osório
Pejuçara
Pelotas
Picada Café
Pinhal
Pinhal da Serra
Pinhal Grande
Pinheirinho do Vale
Pinheiro Machado
Pinto Bandeira
Pirapó
Piratini
Planalto (Rio Grande do Sul)
Poço das Antas
Pontão
Ponte Preta
Portão
Porto Alegre
Porto Lucena
Porto Mauá
Porto Vera Cruz
Porto Xavier
Pouso Novo
Presidente Lucena
Progresso
Protásio Alves
Putinga
Quaraí
Quatro Irmãos
Quevedos
Quinze de Novembro
Redentora
Relvado
Restinga Sêca
Rio dos Índios
Rio Grande
Rio Pardo
Riozinho
Roca Sales
Rodeio Bonito
Rolador
Rolante
Ronda Alta
Rondinha
Roque Gonzales
Rosário do Sul
Sagrada Família
Saldanha Marinho
Salto do Jacuí
Salvador das Missões
Salvador do Sul
Sananduva
Santa Bárbara do Sul
Santa Cecília do Sul
Santa Clara do Sul
Santa Cruz do Sul
Santa Maria (Rio Grande do Sul)
Santa Maria do Herval
Santa Margarida do Sul
Santana da Boa Vista
Sant'Ana do Livramento
Santa Rosa
Santa Tereza
Santa Vitória do Palmar
Santiago
Santo Ângelo
Santo Antônio do Palma
Santo Antônio da Patrulha
Santo Antônio das Missões
Santo Antônio do Planalto
Santo Augusto
Santo Cristo
Santo Expedito do Sul
São Borja
São Domingos do Sul
São Francisco de Assis
São Francisco de Paula (Rio Grande do Sul)
São Gabriel (Rio Grande do Sul)
São Jerônimo
São João da Urtiga
São João do Polêsine
São Jorge
São José das Missões
São José do Herval
São José do Hortêncio
São José do Inhacorá
São José do Norte
São José do Ouro
São José do Sul
São José dos Ausentes
São Leopoldo
São Lourenço do Sul
São Luiz Gonzaga
São Marcos
São Martinho (Rio Grande do Sul)
São Martinho da Serra
São Miguel das Missões
São Nicolau
São Paulo das Missões
São Pedro da Serra
São Pedro das Missões
São Pedro do Butiá
São Pedro do Sul
São Sebastião do Caí
São Sepé
São Valentim
São Valentim do Sul
São Valério do Sul
São Vendelino
São Vicente do Sul
Sapiranga
Sapucaia do Sul
Sarandi (Rio Grande do Sul)
Seberi
Sede Nova
Segredo
Selbach
Senador Salgado Filho
Sentinela do Sul
Serafina Corrêa
Sério
Sertão
Sertão Santana
Sete de Setembro
Severiano de Almeida
Silveira Martins
Sinimbu
Sobradinho (Rio Grande do Sul)
Soledade (Rio Grande do Sul)
Tabaí
Tapejara (Rio Grande do Sul)
Tapera
Tapes
Taquara
Taquari
Taquaruçu do Sul
Tavares (Rio Grande do Sul)
Tenente Portela
Terra de Areia
Teutônia
Tio Hugo
Tiradentes do Sul
Toropi
Torres
Tramandaí
Travesseiro
Três Arroios
Três Cachoeiras
Três Coroas
Três de Maio
Três Forquilhas
Três Palmeiras
Três Passos
Trindade do Sul
Triunfo (Rio Grande do Sul)
Tucunduva
Tunas
Tupanci do Sul
Tupanciretã
Tupandi
Tuparendi
Turuçu
Ubiretama
União da Serra
Unistalda
Uruguaiana
Vacaria
Vale Verde
Vale do Sol
Vale Real
Vanini
Venâncio Aires
Vera Cruz (Rio Grande do Sul)
Veranópolis
Vespasiano Corrêa
Viadutos
Viamão
Vicente Dutra
Victor Graeff
Vila Flores
Vila Lângaro
Vila Maria
Vila Nova do Sul
Vista Alegre
Vista Alegre do Prata
Vista Gaúcha
Vitória das Missões
Westfália
Xangri-lá
Água Clara
Alcinópolis
Amambaí
Anastácio
Anaurilândia
Angélica
Antônio João
Aparecida do Taboado
Aquidauana
Aral Moreira
Bandeirantes (Mato Grosso do Sul)
Bataguassu
Batayporã
Bela Vista
Bodoquena
Bonito (Mato Grosso do Sul)
Brasilândia
Caarapó
Camapuã
Campo Grande (Mato Grosso do Sul)
Caracol (Mato Grosso do Sul)
Cassilândia
Chapadão do Sul
Corguinho
Coronel Sapucaia
Corumbá
Costa Rica
Coxim
Deodápolis
Dois Irmãos do Buriti
Douradina (Mato Grosso do Sul)
Dourados
Eldorado (Mato Grosso do Sul)
Fátima do Sul
Figueirão
Glória de Dourados
Guia Lopes da Laguna
Iguatemi
Inocência
Itaporã
Itaquiraí
Ivinhema
Japorã
Jaraguari
Jardim (Mato Grosso do Sul)
Jateí
Juti
Ladário
Laguna Carapã
Maracaju
Miranda
Mundo Novo (Mato Grosso do Sul)
Naviraí
Nioaque
Nova Alvorada do Sul
Nova Andradina
Novo Horizonte do Sul
Paraíso das Águas
Paranaíba
Paranhos
Pedro Gomes
Ponta Porã
Porto Murtinho
Ribas do Rio Pardo
Rio Brilhante
Rio Negro (Mato Grosso do Sul)
Rio Verde de Mato Grosso
Rochedo
Santa Rita do Pardo
São Gabriel do Oeste
Sete Quedas
Selvíria
Sidrolândia
Sonora
Tacuru
Taquarussu
Terenos
Três Lagoas
Vicentina
Acorizal
Água Boa (Mato Grosso)
Alta Floresta
Alto Araguaia
Alto Boa Vista
Alto Garças
Alto Paraguai
Alto Taquari
Apiacás
Araguaiana
Araguainha
Araputanga
Arenápolis
Aripuanã
Barão de Melgaço
Barra do Bugres
Barra do Garças
Bom Jesus do Araguaia
Brasnorte
Cáceres
Campinápolis
Campo Novo do Parecis
Campo Verde
Campos de Júlio
Canabrava do Norte
Canarana (Mato Grosso)
Carlinda
Castanheira
Chapada dos Guimarães
Cláudia
Cocalinho
Colíder
Colniza
Comodoro
Confresa
Conquista D'Oeste
Cotriguaçu
Cuiabá
Curvelândia
Denise
Diamantino
Dom Aquino
Feliz Natal
Figueirópolis D'Oeste
Gaúcha do Norte
General Carneiro (Mato Grosso)
Glória D'Oeste
Guarantã do Norte
Guiratinga
Indiavaí
Ipiranga do Norte
Itanhangá
Itaúba
Itiquira
Jaciara
Jangada
Jauru
Juara
Juína
Juruena
Juscimeira
Lambari D'Oeste
Lucas do Rio Verde
Luciara
Vila Bela da Santíssima Trindade
Marcelândia
Matupá
Mirassol D'Oeste
Nobres
Nortelândia
Nossa Senhora do Livramento
Nova Bandeirantes
Nova Nazaré
Nova Lacerda
Nova Santa Helena
Nova Brasilândia
Nova Canaã do Norte
Nova Mutum
Nova Olímpia (Mato Grosso)
Nova Ubiratã
Nova Xavantina
Novo Mundo
Novo Horizonte do Norte
Novo São Joaquim
Paranaíta
Paranatinga
Novo Santo Antônio (Mato Grosso)
Pedra Preta (Mato Grosso)
Peixoto de Azevedo
Planalto da Serra
Poconé
Pontal do Araguaia
Ponte Branca
Pontes e Lacerda
Porto Alegre do Norte
Porto dos Gaúchos
Porto Esperidião
Porto Estrela
Poxoréu
Primavera do Leste
Querência
São José dos Quatro Marcos
Reserva do Cabaçal
Ribeirão Cascalheira
Ribeirãozinho
Rio Branco (Mato Grosso)
Santa Carmem
Santo Afonso
São José do Povo
São José do Rio Claro
São José do Xingu
São Pedro da Cipa
Rondolândia
Rondonópolis
Rosário Oeste
Santa Cruz do Xingu
Salto do Céu
Santa Rita do Trivelato
Santa Terezinha (Mato Grosso)
Santo Antônio do Leste
Santo Antônio do Leverger
São Félix do Araguaia
Sapezal
Serra Nova Dourada
Sinop
Sorriso
Tabaporã
Tangará da Serra
Tapurah
Terra Nova do Norte
Tesouro
Torixoréu
União do Sul
Vale de São Domingos
Várzea Grande (Mato Grosso)
Vera
Vila Rica
Nova Guarita
Nova Marilândia
Nova Maringá
Nova Monte Verde
Abadia de Goiás
Abadiânia
Acreúna
Adelândia
Água Fria de Goiás
Água Limpa
Águas Lindas de Goiás
Alexânia
Aloândia
Alto Horizonte
Alto Paraíso de Goiás
Alvorada do Norte
Amaralina
Americano do Brasil
Amorinópolis
Anápolis
Anhanguera
Anicuns
Aparecida de Goiânia
Aparecida do Rio Doce
Aporé
Araçu
Aragarças
Aragoiânia
Araguapaz
Arenópolis
Aruanã
Aurilândia
Avelinópolis
Baliza
Barro Alto (Goiás)
Bela Vista de Goiás
Bom Jardim de Goiás
Bom Jesus de Goiás
Bonfinópolis
Bonópolis
Brazabrantes
Britânia
Buriti Alegre
Buriti de Goiás
Buritinópolis
Cabeceiras
Cachoeira Alta
Cachoeira de Goiás
Cachoeira Dourada (Goiás)
Caçu
Caiapônia
Caldas Novas
Caldazinha
Campestre de Goiás
Campinaçu
Campinorte
Campo Alegre de Goiás
Campo Limpo de Goiás
Campos Belos
Campos Verdes
Carmo do Rio Verde
Castelândia
Catalão
Caturaí
Cavalcante
Ceres
Cezarina
Chapadão do Céu
Cidade Ocidental
Cocalzinho de Goiás
Colinas do Sul
Córrego do Ouro
Corumbá de Goiás
Corumbaíba
Cristalina
Cristianópolis
Crixás
Cromínia
Cumari
Damianópolis
Damolândia
Davinópolis (Goiás)
Diorama
Doverlândia
Edealina
Edéia
Estrela do Norte (Goiás)
Faina
Fazenda Nova
Firminópolis
Flores de Goiás
Formosa
Formoso (Goiás)
Gameleira de Goiás
Divinópolis de Goiás
Goianápolis
Goiandira
Goianésia
Goiânia
Goianira
Goiás
Goiatuba
Gouvelândia
Guapó
Guaraíta
Guarani de Goiás
Guarinos
Heitoraí
Hidrolândia (Goiás)
Hidrolina
Iaciara
Inaciolândia
Indiara
Inhumas
Ipameri
Ipiranga de Goiás
Iporá (Goiás)
Israelândia
Itaberaí
Itaguari
Itaguaru
Itajá (Goiás)
Itapaci
Itapirapuã
Itapuranga
Itarumã
Itauçu
Itumbiara
Ivolândia
Jandaia
Jaraguá
Jataí
Jaupaci
Jesúpolis
Joviânia
Jussara (Goiás)
Lagoa Santa (Goiás)
Leopoldo de Bulhões
Luziânia
Mairipotaba
Mambaí
Mara Rosa
Marzagão
Matrinchã
Maurilândia
Mimoso de Goiás
Minaçu
Mineiros
Moiporá
Monte Alegre de Goiás
Montes Claros de Goiás
Montividiu
Montividiu do Norte
Morrinhos (Goiás)
Morro Agudo de Goiás
Mossâmedes
Mozarlândia
Mundo Novo (Goiás)
Mutunópolis
Nazário
Nerópolis
Niquelândia
Nova América
Nova Aurora (Goiás)
Nova Crixás
Nova Glória
Nova Iguaçu de Goiás
Nova Roma
Nova Veneza (Goiás)
Novo Brasil
Novo Gama
Novo Planalto
Orizona
Ouro Verde de Goiás
Ouvidor
Padre Bernardo
Palestina de Goiás
Palmeiras de Goiás
Palmelo
Palminópolis
Panamá
Paranaiguara
Paraúna
Perolândia
Petrolina de Goiás
Pilar de Goiás
Piracanjuba
Piranhas (Goiás)
Pirenópolis
Pires do Rio
Planaltina
Pontalina
Porangatu
Porteirão
Portelândia
Posse
Professor Jamil
Quirinópolis
Rialma
Rianápolis
Rio Quente
Rio Verde
Rubiataba
Sanclerlândia
Santa Bárbara de Goiás
Santa Cruz de Goiás
Santa Fé de Goiás
Santa Helena de Goiás
Santa Isabel (Goiás)
Santa Rita do Araguaia
Santa Rita do Novo Destino
Santa Rosa de Goiás
Santa Tereza de Goiás
Santa Terezinha de Goiás
Santo Antônio da Barra
Santo Antônio de Goiás
Santo Antônio do Descoberto
São Domingos (Goiás)
São Francisco de Goiás
São João D'aliança
São João da Paraúna
São Luís de Montes Belos
São Luiz do Norte
São Miguel do Araguaia
São Miguel do Passa Quatro
São Patrício
São Simão (Goiás)
Senador Canedo
Serranópolis
Silvânia
Simolândia
Sítio D'abadia
Taquaral de Goiás
Teresina de Goiás
Terezópolis de Goiás
Três Ranchos
Trindade (Goiás)
Trombas
Turvânia
Turvelândia
Uirapuru
Uruaçu
Uruana
Urutaí
Valparaíso de Goiás
Varjão
Vianópolis
Vicentinópolis
Vila Boa
Vila Propício
Brasília
